日期,JM0_close,临汾主焦煤报价(元/吨),basis_estimated,备注
2023-01-03,1826.5,DATA_UNAVAILABLE,DATA_UNAVAILABLE,现货报价需汾渭/Mysteel付费; 基差=现货价-JM0_close*1.33
2023-01-04,1770.0,DATA_UNAVAILABLE,DATA_UNAVAILABLE,现货报价需汾渭/Mysteel付费; 基差=现货价-JM0_close*1.33
2023-01-05,1791.0,DATA_UNAVAILABLE,DATA_UNAVAILABLE,现货报价需汾渭/Mysteel付费; 基差=现货价-JM0_close*1.33
2023-01-06,1823.0,DATA_UNAVAILABLE,DATA_UNAVAILABLE,现货报价需汾渭/Mysteel付费; 基差=现货价-JM0_close*1.33
2023-01-09,1857.5,DATA_UNAVAILABLE,DATA_UNAVAILABLE,现货报价需汾渭/Mysteel付费; 基差=现货价-JM0_close*1.33
2023-01-10,1843.0,DATA_UNAVAILABLE,DATA_UNAVAILABLE,现货报价需汾渭/Mysteel付费; 基差=现货价-JM0_close*1.33
2023-01-11,1882.5,DATA_UNAVAILABLE,DATA_UNAVAILABLE,现货报价需汾渭/Mysteel付费; 基差=现货价-JM0_close*1.33
2023-01-12,1855.0,DATA_UNAVAILABLE,DATA_UNAVAILABLE,现货报价需汾渭/Mysteel付费; 基差=现货价-JM0_close*1.33
2023-01-13,1888.0,DATA_UNAVAILABLE,DATA_UNAVAILABLE,现货报价需汾渭/Mysteel付费; 基差=现货价-JM0_close*1.33
2023-01-16,1868.0,DATA_UNAVAILABLE,DATA_UNAVAILABLE,现货报价需汾渭/Mysteel付费; 基差=现货价-JM0_close*1.33
2023-01-17,1857.5,DATA_UNAVAILABLE,DATA_UNAVAILABLE,现货报价需汾渭/Mysteel付费; 基差=现货价-JM0_close*1.33
2023-01-18,1892.0,DATA_UNAVAILABLE,DATA_UNAVAILABLE,现货报价需汾渭/Mysteel付费; 基差=现货价-JM0_close*1.33
2023-01-19,1896.0,DATA_UNAVAILABLE,DATA_UNAVAILABLE,现货报价需汾渭/Mysteel付费; 基差=现货价-JM0_close*1.33
2023-01-20,1886.0,DATA_UNAVAILABLE,DATA_UNAVAILABLE,现货报价需汾渭/Mysteel付费; 基差=现货价-JM0_close*1.33
2023-01-30,1867.0,DATA_UNAVAILABLE,DATA_UNAVAILABLE,现货报价需汾渭/Mysteel付费; 基差=现货价-JM0_close*1.33
2023-01-31,1832.5,DATA_UNAVAILABLE,DATA_UNAVAILABLE,现货报价需汾渭/Mysteel付费; 基差=现货价-JM0_close*1.33
2023-02-01,1788.5,DATA_UNAVAILABLE,DATA_UNAVAILABLE,现货报价需汾渭/Mysteel付费; 基差=现货价-JM0_close*1.33
2023-02-02,1800.5,DATA_UNAVAILABLE,DATA_UNAVAILABLE,现货报价需汾渭/Mysteel付费; 基差=现货价-JM0_close*1.33
2023-02-03,1812.0,DATA_UNAVAILABLE,DATA_UNAVAILABLE,现货报价需汾渭/Mysteel付费; 基差=现货价-JM0_close*1.33
2023-02-06,1835.5,DATA_UNAVAILABLE,DATA_UNAVAILABLE,现货报价需汾渭/Mysteel付费; 基差=现货价-JM0_close*1.33
2023-02-07,1828.5,DATA_UNAVAILABLE,DATA_UNAVAILABLE,现货报价需汾渭/Mysteel付费; 基差=现货价-JM0_close*1.33
2023-02-08,1843.5,DATA_UNAVAILABLE,DATA_UNAVAILABLE,现货报价需汾渭/Mysteel付费; 基差=现货价-JM0_close*1.33
2023-02-09,1845.5,DATA_UNAVAILABLE,DATA_UNAVAILABLE,现货报价需汾渭/Mysteel付费; 基差=现货价-JM0_close*1.33
2023-02-10,1840.0,DATA_UNAVAILABLE,DATA_UNAVAILABLE,现货报价需汾渭/Mysteel付费; 基差=现货价-JM0_close*1.33
2023-02-13,1789.0,DATA_UNAVAILABLE,DATA_UNAVAILABLE,现货报价需汾渭/Mysteel付费; 基差=现货价-JM0_close*1.33
2023-02-14,1813.0,DATA_UNAVAILABLE,DATA_UNAVAILABLE,现货报价需汾渭/Mysteel付费; 基差=现货价-JM0_close*1.33
2023-02-15,1825.0,DATA_UNAVAILABLE,DATA_UNAVAILABLE,现货报价需汾渭/Mysteel付费; 基差=现货价-JM0_close*1.33
2023-02-16,1865.5,DATA_UNAVAILABLE,DATA_UNAVAILABLE,现货报价需汾渭/Mysteel付费; 基差=现货价-JM0_close*1.33
2023-02-17,1897.0,DATA_UNAVAILABLE,DATA_UNAVAILABLE,现货报价需汾渭/Mysteel付费; 基差=现货价-JM0_close*1.33
2023-02-20,1925.0,DATA_UNAVAILABLE,DATA_UNAVAILABLE,现货报价需汾渭/Mysteel付费; 基差=现货价-JM0_close*1.33
2023-02-21,1975.0,DATA_UNAVAILABLE,DATA_UNAVAILABLE,现货报价需汾渭/Mysteel付费; 基差=现货价-JM0_close*1.33
2023-02-22,1960.0,DATA_UNAVAILABLE,DATA_UNAVAILABLE,现货报价需汾渭/Mysteel付费; 基差=现货价-JM0_close*1.33
2023-02-23,2020.5,DATA_UNAVAILABLE,DATA_UNAVAILABLE,现货报价需汾渭/Mysteel付费; 基差=现货价-JM0_close*1.33
2023-02-24,2049.5,DATA_UNAVAILABLE,DATA_UNAVAILABLE,现货报价需汾渭/Mysteel付费; 基差=现货价-JM0_close*1.33
2023-02-27,2064.0,DATA_UNAVAILABLE,DATA_UNAVAILABLE,现货报价需汾渭/Mysteel付费; 基差=现货价-JM0_close*1.33
2023-02-28,2013.5,DATA_UNAVAILABLE,DATA_UNAVAILABLE,现货报价需汾渭/Mysteel付费; 基差=现货价-JM0_close*1.33
2023-03-01,2033.5,DATA_UNAVAILABLE,DATA_UNAVAILABLE,现货报价需汾渭/Mysteel付费; 基差=现货价-JM0_close*1.33
2023-03-02,2018.0,DATA_UNAVAILABLE,DATA_UNAVAILABLE,现货报价需汾渭/Mysteel付费; 基差=现货价-JM0_close*1.33
2023-03-03,2004.0,DATA_UNAVAILABLE,DATA_UNAVAILABLE,现货报价需汾渭/Mysteel付费; 基差=现货价-JM0_close*1.33
2023-03-06,1980.0,DATA_UNAVAILABLE,DATA_UNAVAILABLE,现货报价需汾渭/Mysteel付费; 基差=现货价-JM0_close*1.33
2023-03-07,1973.5,DATA_UNAVAILABLE,DATA_UNAVAILABLE,现货报价需汾渭/Mysteel付费; 基差=现货价-JM0_close*1.33
2023-03-08,1984.0,DATA_UNAVAILABLE,DATA_UNAVAILABLE,现货报价需汾渭/Mysteel付费; 基差=现货价-JM0_close*1.33
2023-03-09,1966.0,DATA_UNAVAILABLE,DATA_UNAVAILABLE,现货报价需汾渭/Mysteel付费; 基差=现货价-JM0_close*1.33
2023-03-10,1955.5,DATA_UNAVAILABLE,DATA_UNAVAILABLE,现货报价需汾渭/Mysteel付费; 基差=现货价-JM0_close*1.33
2023-03-13,2020.5,DATA_UNAVAILABLE,DATA_UNAVAILABLE,现货报价需汾渭/Mysteel付费; 基差=现货价-JM0_close*1.33
2023-03-14,1968.0,DATA_UNAVAILABLE,DATA_UNAVAILABLE,现货报价需汾渭/Mysteel付费; 基差=现货价-JM0_close*1.33
2023-03-15,1913.0,DATA_UNAVAILABLE,DATA_UNAVAILABLE,现货报价需汾渭/Mysteel付费; 基差=现货价-JM0_close*1.33
2023-03-16,1853.5,DATA_UNAVAILABLE,DATA_UNAVAILABLE,现货报价需汾渭/Mysteel付费; 基差=现货价-JM0_close*1.33
2023-03-17,1874.5,DATA_UNAVAILABLE,DATA_UNAVAILABLE,现货报价需汾渭/Mysteel付费; 基差=现货价-JM0_close*1.33
2023-03-20,1863.5,DATA_UNAVAILABLE,DATA_UNAVAILABLE,现货报价需汾渭/Mysteel付费; 基差=现货价-JM0_close*1.33
2023-03-21,1812.0,DATA_UNAVAILABLE,DATA_UNAVAILABLE,现货报价需汾渭/Mysteel付费; 基差=现货价-JM0_close*1.33
2023-03-22,1838.0,DATA_UNAVAILABLE,DATA_UNAVAILABLE,现货报价需汾渭/Mysteel付费; 基差=现货价-JM0_close*1.33
2023-03-23,1818.5,DATA_UNAVAILABLE,DATA_UNAVAILABLE,现货报价需汾渭/Mysteel付费; 基差=现货价-JM0_close*1.33
2023-03-24,1858.5,DATA_UNAVAILABLE,DATA_UNAVAILABLE,现货报价需汾渭/Mysteel付费; 基差=现货价-JM0_close*1.33
2023-03-27,1844.0,DATA_UNAVAILABLE,DATA_UNAVAILABLE,现货报价需汾渭/Mysteel付费; 基差=现货价-JM0_close*1.33
2023-03-28,1817.5,DATA_UNAVAILABLE,DATA_UNAVAILABLE,现货报价需汾渭/Mysteel付费; 基差=现货价-JM0_close*1.33
2023-03-29,1832.5,DATA_UNAVAILABLE,DATA_UNAVAILABLE,现货报价需汾渭/Mysteel付费; 基差=现货价-JM0_close*1.33
2023-03-30,1833.5,DATA_UNAVAILABLE,DATA_UNAVAILABLE,现货报价需汾渭/Mysteel付费; 基差=现货价-JM0_close*1.33
2023-03-31,1860.0,DATA_UNAVAILABLE,DATA_UNAVAILABLE,现货报价需汾渭/Mysteel付费; 基差=现货价-JM0_close*1.33
2023-04-03,1779.5,DATA_UNAVAILABLE,DATA_UNAVAILABLE,现货报价需汾渭/Mysteel付费; 基差=现货价-JM0_close*1.33
2023-04-04,1757.5,DATA_UNAVAILABLE,DATA_UNAVAILABLE,现货报价需汾渭/Mysteel付费; 基差=现货价-JM0_close*1.33
2023-04-06,1740.0,DATA_UNAVAILABLE,DATA_UNAVAILABLE,现货报价需汾渭/Mysteel付费; 基差=现货价-JM0_close*1.33
2023-04-07,1768.0,DATA_UNAVAILABLE,DATA_UNAVAILABLE,现货报价需汾渭/Mysteel付费; 基差=现货价-JM0_close*1.33
2023-04-10,1696.5,DATA_UNAVAILABLE,DATA_UNAVAILABLE,现货报价需汾渭/Mysteel付费; 基差=现货价-JM0_close*1.33
2023-04-11,1726.0,DATA_UNAVAILABLE,DATA_UNAVAILABLE,现货报价需汾渭/Mysteel付费; 基差=现货价-JM0_close*1.33
2023-04-12,1725.0,DATA_UNAVAILABLE,DATA_UNAVAILABLE,现货报价需汾渭/Mysteel付费; 基差=现货价-JM0_close*1.33
2023-04-13,1726.0,DATA_UNAVAILABLE,DATA_UNAVAILABLE,现货报价需汾渭/Mysteel付费; 基差=现货价-JM0_close*1.33
2023-04-14,1550.5,DATA_UNAVAILABLE,DATA_UNAVAILABLE,现货报价需汾渭/Mysteel付费; 基差=现货价-JM0_close*1.33
2023-04-17,1574.0,DATA_UNAVAILABLE,DATA_UNAVAILABLE,现货报价需汾渭/Mysteel付费; 基差=现货价-JM0_close*1.33
2023-04-18,1595.0,DATA_UNAVAILABLE,DATA_UNAVAILABLE,现货报价需汾渭/Mysteel付费; 基差=现货价-JM0_close*1.33
2023-04-19,1583.5,DATA_UNAVAILABLE,DATA_UNAVAILABLE,现货报价需汾渭/Mysteel付费; 基差=现货价-JM0_close*1.33
2023-04-20,1525.5,DATA_UNAVAILABLE,DATA_UNAVAILABLE,现货报价需汾渭/Mysteel付费; 基差=现货价-JM0_close*1.33
2023-04-21,1486.5,DATA_UNAVAILABLE,DATA_UNAVAILABLE,现货报价需汾渭/Mysteel付费; 基差=现货价-JM0_close*1.33
2023-04-24,1487.0,DATA_UNAVAILABLE,DATA_UNAVAILABLE,现货报价需汾渭/Mysteel付费; 基差=现货价-JM0_close*1.33
2023-04-25,1473.5,DATA_UNAVAILABLE,DATA_UNAVAILABLE,现货报价需汾渭/Mysteel付费; 基差=现货价-JM0_close*1.33
2023-04-26,1442.5,DATA_UNAVAILABLE,DATA_UNAVAILABLE,现货报价需汾渭/Mysteel付费; 基差=现货价-JM0_close*1.33
2023-04-27,1416.5,DATA_UNAVAILABLE,DATA_UNAVAILABLE,现货报价需汾渭/Mysteel付费; 基差=现货价-JM0_close*1.33
2023-04-28,1385.0,DATA_UNAVAILABLE,DATA_UNAVAILABLE,现货报价需汾渭/Mysteel付费; 基差=现货价-JM0_close*1.33
2023-05-04,1325.5,DATA_UNAVAILABLE,DATA_UNAVAILABLE,现货报价需汾渭/Mysteel付费; 基差=现货价-JM0_close*1.33
2023-05-05,1352.0,DATA_UNAVAILABLE,DATA_UNAVAILABLE,现货报价需汾渭/Mysteel付费; 基差=现货价-JM0_close*1.33
2023-05-08,1412.5,DATA_UNAVAILABLE,DATA_UNAVAILABLE,现货报价需汾渭/Mysteel付费; 基差=现货价-JM0_close*1.33
2023-05-09,1351.5,DATA_UNAVAILABLE,DATA_UNAVAILABLE,现货报价需汾渭/Mysteel付费; 基差=现货价-JM0_close*1.33
2023-05-10,1351.5,DATA_UNAVAILABLE,DATA_UNAVAILABLE,现货报价需汾渭/Mysteel付费; 基差=现货价-JM0_close*1.33
2023-05-11,1337.5,DATA_UNAVAILABLE,DATA_UNAVAILABLE,现货报价需汾渭/Mysteel付费; 基差=现货价-JM0_close*1.33
2023-05-12,1352.0,DATA_UNAVAILABLE,DATA_UNAVAILABLE,现货报价需汾渭/Mysteel付费; 基差=现货价-JM0_close*1.33
2023-05-15,1388.5,DATA_UNAVAILABLE,DATA_UNAVAILABLE,现货报价需汾渭/Mysteel付费; 基差=现货价-JM0_close*1.33
2023-05-16,1383.0,DATA_UNAVAILABLE,DATA_UNAVAILABLE,现货报价需汾渭/Mysteel付费; 基差=现货价-JM0_close*1.33
2023-05-17,1428.0,DATA_UNAVAILABLE,DATA_UNAVAILABLE,现货报价需汾渭/Mysteel付费; 基差=现货价-JM0_close*1.33
2023-05-18,1406.5,DATA_UNAVAILABLE,DATA_UNAVAILABLE,现货报价需汾渭/Mysteel付费; 基差=现货价-JM0_close*1.33
2023-05-19,1345.0,DATA_UNAVAILABLE,DATA_UNAVAILABLE,现货报价需汾渭/Mysteel付费; 基差=现货价-JM0_close*1.33
2023-05-22,1311.5,DATA_UNAVAILABLE,DATA_UNAVAILABLE,现货报价需汾渭/Mysteel付费; 基差=现货价-JM0_close*1.33
2023-05-23,1325.5,DATA_UNAVAILABLE,DATA_UNAVAILABLE,现货报价需汾渭/Mysteel付费; 基差=现货价-JM0_close*1.33
2023-05-24,1307.5,DATA_UNAVAILABLE,DATA_UNAVAILABLE,现货报价需汾渭/Mysteel付费; 基差=现货价-JM0_close*1.33
2023-05-25,1267.0,DATA_UNAVAILABLE,DATA_UNAVAILABLE,现货报价需汾渭/Mysteel付费; 基差=现货价-JM0_close*1.33
2023-05-26,1263.0,DATA_UNAVAILABLE,DATA_UNAVAILABLE,现货报价需汾渭/Mysteel付费; 基差=现货价-JM0_close*1.33
2023-05-29,1253.0,DATA_UNAVAILABLE,DATA_UNAVAILABLE,现货报价需汾渭/Mysteel付费; 基差=现货价-JM0_close*1.33
2023-05-30,1222.0,DATA_UNAVAILABLE,DATA_UNAVAILABLE,现货报价需汾渭/Mysteel付费; 基差=现货价-JM0_close*1.33
2023-05-31,1227.5,DATA_UNAVAILABLE,DATA_UNAVAILABLE,现货报价需汾渭/Mysteel付费; 基差=现货价-JM0_close*1.33
2023-06-01,1259.0,DATA_UNAVAILABLE,DATA_UNAVAILABLE,现货报价需汾渭/Mysteel付费; 基差=现货价-JM0_close*1.33
2023-06-02,1276.0,DATA_UNAVAILABLE,DATA_UNAVAILABLE,现货报价需汾渭/Mysteel付费; 基差=现货价-JM0_close*1.33
2023-06-05,1261.5,DATA_UNAVAILABLE,DATA_UNAVAILABLE,现货报价需汾渭/Mysteel付费; 基差=现货价-JM0_close*1.33
2023-06-06,1273.5,DATA_UNAVAILABLE,DATA_UNAVAILABLE,现货报价需汾渭/Mysteel付费; 基差=现货价-JM0_close*1.33
2023-06-07,1270.0,DATA_UNAVAILABLE,DATA_UNAVAILABLE,现货报价需汾渭/Mysteel付费; 基差=现货价-JM0_close*1.33
2023-06-08,1268.0,DATA_UNAVAILABLE,DATA_UNAVAILABLE,现货报价需汾渭/Mysteel付费; 基差=现货价-JM0_close*1.33
2023-06-09,1289.0,DATA_UNAVAILABLE,DATA_UNAVAILABLE,现货报价需汾渭/Mysteel付费; 基差=现货价-JM0_close*1.33
2023-06-12,1277.5,DATA_UNAVAILABLE,DATA_UNAVAILABLE,现货报价需汾渭/Mysteel付费; 基差=现货价-JM0_close*1.33
2023-06-13,1323.5,DATA_UNAVAILABLE,DATA_UNAVAILABLE,现货报价需汾渭/Mysteel付费; 基差=现货价-JM0_close*1.33
2023-06-14,1337.0,DATA_UNAVAILABLE,DATA_UNAVAILABLE,现货报价需汾渭/Mysteel付费; 基差=现货价-JM0_close*1.33
2023-06-15,1379.5,DATA_UNAVAILABLE,DATA_UNAVAILABLE,现货报价需汾渭/Mysteel付费; 基差=现货价-JM0_close*1.33
2023-06-16,1400.5,DATA_UNAVAILABLE,DATA_UNAVAILABLE,现货报价需汾渭/Mysteel付费; 基差=现货价-JM0_close*1.33
2023-06-19,1368.0,DATA_UNAVAILABLE,DATA_UNAVAILABLE,现货报价需汾渭/Mysteel付费; 基差=现货价-JM0_close*1.33
2023-06-20,1357.5,DATA_UNAVAILABLE,DATA_UNAVAILABLE,现货报价需汾渭/Mysteel付费; 基差=现货价-JM0_close*1.33
2023-06-21,1352.5,DATA_UNAVAILABLE,DATA_UNAVAILABLE,现货报价需汾渭/Mysteel付费; 基差=现货价-JM0_close*1.33
2023-06-26,1293.0,DATA_UNAVAILABLE,DATA_UNAVAILABLE,现货报价需汾渭/Mysteel付费; 基差=现货价-JM0_close*1.33
2023-06-27,1333.0,DATA_UNAVAILABLE,DATA_UNAVAILABLE,现货报价需汾渭/Mysteel付费; 基差=现货价-JM0_close*1.33
2023-06-28,1325.5,DATA_UNAVAILABLE,DATA_UNAVAILABLE,现货报价需汾渭/Mysteel付费; 基差=现货价-JM0_close*1.33
2023-06-29,1328.0,DATA_UNAVAILABLE,DATA_UNAVAILABLE,现货报价需汾渭/Mysteel付费; 基差=现货价-JM0_close*1.33
2023-06-30,1351.0,DATA_UNAVAILABLE,DATA_UNAVAILABLE,现货报价需汾渭/Mysteel付费; 基差=现货价-JM0_close*1.33
2023-07-03,1331.0,DATA_UNAVAILABLE,DATA_UNAVAILABLE,现货报价需汾渭/Mysteel付费; 基差=现货价-JM0_close*1.33
2023-07-04,1316.0,DATA_UNAVAILABLE,DATA_UNAVAILABLE,现货报价需汾渭/Mysteel付费; 基差=现货价-JM0_close*1.33
2023-07-05,1309.5,DATA_UNAVAILABLE,DATA_UNAVAILABLE,现货报价需汾渭/Mysteel付费; 基差=现货价-JM0_close*1.33
2023-07-06,1338.0,DATA_UNAVAILABLE,DATA_UNAVAILABLE,现货报价需汾渭/Mysteel付费; 基差=现货价-JM0_close*1.33
2023-07-07,1311.0,DATA_UNAVAILABLE,DATA_UNAVAILABLE,现货报价需汾渭/Mysteel付费; 基差=现货价-JM0_close*1.33
2023-07-10,1316.5,DATA_UNAVAILABLE,DATA_UNAVAILABLE,现货报价需汾渭/Mysteel付费; 基差=现货价-JM0_close*1.33
2023-07-11,1360.0,DATA_UNAVAILABLE,DATA_UNAVAILABLE,现货报价需汾渭/Mysteel付费; 基差=现货价-JM0_close*1.33
2023-07-12,1391.5,DATA_UNAVAILABLE,DATA_UNAVAILABLE,现货报价需汾渭/Mysteel付费; 基差=现货价-JM0_close*1.33
2023-07-13,1395.5,DATA_UNAVAILABLE,DATA_UNAVAILABLE,现货报价需汾渭/Mysteel付费; 基差=现货价-JM0_close*1.33
2023-07-14,1425.5,DATA_UNAVAILABLE,DATA_UNAVAILABLE,现货报价需汾渭/Mysteel付费; 基差=现货价-JM0_close*1.33
2023-07-17,1390.5,DATA_UNAVAILABLE,DATA_UNAVAILABLE,现货报价需汾渭/Mysteel付费; 基差=现货价-JM0_close*1.33
2023-07-18,1474.5,DATA_UNAVAILABLE,DATA_UNAVAILABLE,现货报价需汾渭/Mysteel付费; 基差=现货价-JM0_close*1.33
2023-07-19,1487.0,DATA_UNAVAILABLE,DATA_UNAVAILABLE,现货报价需汾渭/Mysteel付费; 基差=现货价-JM0_close*1.33
2023-07-20,1534.0,DATA_UNAVAILABLE,DATA_UNAVAILABLE,现货报价需汾渭/Mysteel付费; 基差=现货价-JM0_close*1.33
2023-07-21,1501.5,DATA_UNAVAILABLE,DATA_UNAVAILABLE,现货报价需汾渭/Mysteel付费; 基差=现货价-JM0_close*1.33
2023-07-24,1472.5,DATA_UNAVAILABLE,DATA_UNAVAILABLE,现货报价需汾渭/Mysteel付费; 基差=现货价-JM0_close*1.33
2023-07-25,1484.0,DATA_UNAVAILABLE,DATA_UNAVAILABLE,现货报价需汾渭/Mysteel付费; 基差=现货价-JM0_close*1.33
2023-07-26,1530.0,DATA_UNAVAILABLE,DATA_UNAVAILABLE,现货报价需汾渭/Mysteel付费; 基差=现货价-JM0_close*1.33
2023-07-27,1494.0,DATA_UNAVAILABLE,DATA_UNAVAILABLE,现货报价需汾渭/Mysteel付费; 基差=现货价-JM0_close*1.33
2023-07-28,1485.0,DATA_UNAVAILABLE,DATA_UNAVAILABLE,现货报价需汾渭/Mysteel付费; 基差=现货价-JM0_close*1.33
2023-07-31,1462.0,DATA_UNAVAILABLE,DATA_UNAVAILABLE,现货报价需汾渭/Mysteel付费; 基差=现货价-JM0_close*1.33
2023-08-01,1500.5,DATA_UNAVAILABLE,DATA_UNAVAILABLE,现货报价需汾渭/Mysteel付费; 基差=现货价-JM0_close*1.33
2023-08-02,1514.5,DATA_UNAVAILABLE,DATA_UNAVAILABLE,现货报价需汾渭/Mysteel付费; 基差=现货价-JM0_close*1.33
2023-08-03,1443.5,DATA_UNAVAILABLE,DATA_UNAVAILABLE,现货报价需汾渭/Mysteel付费; 基差=现货价-JM0_close*1.33
2023-08-04,1470.0,DATA_UNAVAILABLE,DATA_UNAVAILABLE,现货报价需汾渭/Mysteel付费; 基差=现货价-JM0_close*1.33
2023-08-07,1487.5,DATA_UNAVAILABLE,DATA_UNAVAILABLE,现货报价需汾渭/Mysteel付费; 基差=现货价-JM0_close*1.33
2023-08-08,1465.0,DATA_UNAVAILABLE,DATA_UNAVAILABLE,现货报价需汾渭/Mysteel付费; 基差=现货价-JM0_close*1.33
2023-08-09,1497.0,DATA_UNAVAILABLE,DATA_UNAVAILABLE,现货报价需汾渭/Mysteel付费; 基差=现货价-JM0_close*1.33
2023-08-10,1468.0,DATA_UNAVAILABLE,DATA_UNAVAILABLE,现货报价需汾渭/Mysteel付费; 基差=现货价-JM0_close*1.33
2023-08-11,1483.5,DATA_UNAVAILABLE,DATA_UNAVAILABLE,现货报价需汾渭/Mysteel付费; 基差=现货价-JM0_close*1.33
2023-08-14,1379.5,DATA_UNAVAILABLE,DATA_UNAVAILABLE,现货报价需汾渭/Mysteel付费; 基差=现货价-JM0_close*1.33
2023-08-15,1400.0,DATA_UNAVAILABLE,DATA_UNAVAILABLE,现货报价需汾渭/Mysteel付费; 基差=现货价-JM0_close*1.33
2023-08-16,1367.0,DATA_UNAVAILABLE,DATA_UNAVAILABLE,现货报价需汾渭/Mysteel付费; 基差=现货价-JM0_close*1.33
2023-08-17,1402.0,DATA_UNAVAILABLE,DATA_UNAVAILABLE,现货报价需汾渭/Mysteel付费; 基差=现货价-JM0_close*1.33
2023-08-18,1414.0,DATA_UNAVAILABLE,DATA_UNAVAILABLE,现货报价需汾渭/Mysteel付费; 基差=现货价-JM0_close*1.33
2023-08-21,1442.0,DATA_UNAVAILABLE,DATA_UNAVAILABLE,现货报价需汾渭/Mysteel付费; 基差=现货价-JM0_close*1.33
2023-08-22,1490.0,DATA_UNAVAILABLE,DATA_UNAVAILABLE,现货报价需汾渭/Mysteel付费; 基差=现货价-JM0_close*1.33
2023-08-23,1521.0,DATA_UNAVAILABLE,DATA_UNAVAILABLE,现货报价需汾渭/Mysteel付费; 基差=现货价-JM0_close*1.33
2023-08-24,1499.5,DATA_UNAVAILABLE,DATA_UNAVAILABLE,现货报价需汾渭/Mysteel付费; 基差=现货价-JM0_close*1.33
2023-08-25,1509.0,DATA_UNAVAILABLE,DATA_UNAVAILABLE,现货报价需汾渭/Mysteel付费; 基差=现货价-JM0_close*1.33
2023-08-28,1498.5,DATA_UNAVAILABLE,DATA_UNAVAILABLE,现货报价需汾渭/Mysteel付费; 基差=现货价-JM0_close*1.33
2023-08-29,1466.0,DATA_UNAVAILABLE,DATA_UNAVAILABLE,现货报价需汾渭/Mysteel付费; 基差=现货价-JM0_close*1.33
2023-08-30,1519.5,DATA_UNAVAILABLE,DATA_UNAVAILABLE,现货报价需汾渭/Mysteel付费; 基差=现货价-JM0_close*1.33
2023-08-31,1536.5,DATA_UNAVAILABLE,DATA_UNAVAILABLE,现货报价需汾渭/Mysteel付费; 基差=现货价-JM0_close*1.33
2023-09-01,1626.0,DATA_UNAVAILABLE,DATA_UNAVAILABLE,现货报价需汾渭/Mysteel付费; 基差=现货价-JM0_close*1.33
2023-09-04,1675.0,DATA_UNAVAILABLE,DATA_UNAVAILABLE,现货报价需汾渭/Mysteel付费; 基差=现货价-JM0_close*1.33
2023-09-05,1713.5,DATA_UNAVAILABLE,DATA_UNAVAILABLE,现货报价需汾渭/Mysteel付费; 基差=现货价-JM0_close*1.33
2023-09-06,1726.0,DATA_UNAVAILABLE,DATA_UNAVAILABLE,现货报价需汾渭/Mysteel付费; 基差=现货价-JM0_close*1.33
2023-09-07,1704.5,DATA_UNAVAILABLE,DATA_UNAVAILABLE,现货报价需汾渭/Mysteel付费; 基差=现货价-JM0_close*1.33
2023-09-08,1642.0,DATA_UNAVAILABLE,DATA_UNAVAILABLE,现货报价需汾渭/Mysteel付费; 基差=现货价-JM0_close*1.33
2023-09-11,1739.5,DATA_UNAVAILABLE,DATA_UNAVAILABLE,现货报价需汾渭/Mysteel付费; 基差=现货价-JM0_close*1.33
2023-09-12,1784.5,DATA_UNAVAILABLE,DATA_UNAVAILABLE,现货报价需汾渭/Mysteel付费; 基差=现货价-JM0_close*1.33
2023-09-13,1755.0,DATA_UNAVAILABLE,DATA_UNAVAILABLE,现货报价需汾渭/Mysteel付费; 基差=现货价-JM0_close*1.33
2023-09-14,1807.5,DATA_UNAVAILABLE,DATA_UNAVAILABLE,现货报价需汾渭/Mysteel付费; 基差=现货价-JM0_close*1.33
2023-09-15,1822.5,DATA_UNAVAILABLE,DATA_UNAVAILABLE,现货报价需汾渭/Mysteel付费; 基差=现货价-JM0_close*1.33
2023-09-18,1890.0,DATA_UNAVAILABLE,DATA_UNAVAILABLE,现货报价需汾渭/Mysteel付费; 基差=现货价-JM0_close*1.33
2023-09-19,1876.5,DATA_UNAVAILABLE,DATA_UNAVAILABLE,现货报价需汾渭/Mysteel付费; 基差=现货价-JM0_close*1.33
2023-09-20,1925.0,DATA_UNAVAILABLE,DATA_UNAVAILABLE,现货报价需汾渭/Mysteel付费; 基差=现货价-JM0_close*1.33
2023-09-21,1843.0,DATA_UNAVAILABLE,DATA_UNAVAILABLE,现货报价需汾渭/Mysteel付费; 基差=现货价-JM0_close*1.33
2023-09-22,1861.0,DATA_UNAVAILABLE,DATA_UNAVAILABLE,现货报价需汾渭/Mysteel付费; 基差=现货价-JM0_close*1.33
2023-09-25,1832.0,DATA_UNAVAILABLE,DATA_UNAVAILABLE,现货报价需汾渭/Mysteel付费; 基差=现货价-JM0_close*1.33
2023-09-26,1771.5,DATA_UNAVAILABLE,DATA_UNAVAILABLE,现货报价需汾渭/Mysteel付费; 基差=现货价-JM0_close*1.33
2023-09-27,1784.0,DATA_UNAVAILABLE,DATA_UNAVAILABLE,现货报价需汾渭/Mysteel付费; 基差=现货价-JM0_close*1.33
2023-09-28,1849.0,DATA_UNAVAILABLE,DATA_UNAVAILABLE,现货报价需汾渭/Mysteel付费; 基差=现货价-JM0_close*1.33
2023-10-09,1862.0,DATA_UNAVAILABLE,DATA_UNAVAILABLE,现货报价需汾渭/Mysteel付费; 基差=现货价-JM0_close*1.33
2023-10-10,1734.0,DATA_UNAVAILABLE,DATA_UNAVAILABLE,现货报价需汾渭/Mysteel付费; 基差=现货价-JM0_close*1.33
2023-10-11,1710.5,DATA_UNAVAILABLE,DATA_UNAVAILABLE,现货报价需汾渭/Mysteel付费; 基差=现货价-JM0_close*1.33
2023-10-12,1744.5,DATA_UNAVAILABLE,DATA_UNAVAILABLE,现货报价需汾渭/Mysteel付费; 基差=现货价-JM0_close*1.33
2023-10-13,1731.5,DATA_UNAVAILABLE,DATA_UNAVAILABLE,现货报价需汾渭/Mysteel付费; 基差=现货价-JM0_close*1.33
2023-10-16,1786.0,DATA_UNAVAILABLE,DATA_UNAVAILABLE,现货报价需汾渭/Mysteel付费; 基差=现货价-JM0_close*1.33
2023-10-17,1782.0,DATA_UNAVAILABLE,DATA_UNAVAILABLE,现货报价需汾渭/Mysteel付费; 基差=现货价-JM0_close*1.33
2023-10-18,1731.5,DATA_UNAVAILABLE,DATA_UNAVAILABLE,现货报价需汾渭/Mysteel付费; 基差=现货价-JM0_close*1.33
2023-10-19,1720.5,DATA_UNAVAILABLE,DATA_UNAVAILABLE,现货报价需汾渭/Mysteel付费; 基差=现货价-JM0_close*1.33
2023-10-20,1702.0,DATA_UNAVAILABLE,DATA_UNAVAILABLE,现货报价需汾渭/Mysteel付费; 基差=现货价-JM0_close*1.33
2023-10-23,1672.5,DATA_UNAVAILABLE,DATA_UNAVAILABLE,现货报价需汾渭/Mysteel付费; 基差=现货价-JM0_close*1.33
2023-10-24,1727.0,DATA_UNAVAILABLE,DATA_UNAVAILABLE,现货报价需汾渭/Mysteel付费; 基差=现货价-JM0_close*1.33
2023-10-25,1796.0,DATA_UNAVAILABLE,DATA_UNAVAILABLE,现货报价需汾渭/Mysteel付费; 基差=现货价-JM0_close*1.33
2023-10-26,1786.0,DATA_UNAVAILABLE,DATA_UNAVAILABLE,现货报价需汾渭/Mysteel付费; 基差=现货价-JM0_close*1.33
2023-10-27,1821.0,DATA_UNAVAILABLE,DATA_UNAVAILABLE,现货报价需汾渭/Mysteel付费; 基差=现货价-JM0_close*1.33
2023-10-30,1839.0,DATA_UNAVAILABLE,DATA_UNAVAILABLE,现货报价需汾渭/Mysteel付费; 基差=现货价-JM0_close*1.33
2023-10-31,1815.0,DATA_UNAVAILABLE,DATA_UNAVAILABLE,现货报价需汾渭/Mysteel付费; 基差=现货价-JM0_close*1.33
2023-11-01,1814.5,DATA_UNAVAILABLE,DATA_UNAVAILABLE,现货报价需汾渭/Mysteel付费; 基差=现货价-JM0_close*1.33
2023-11-02,1805.5,DATA_UNAVAILABLE,DATA_UNAVAILABLE,现货报价需汾渭/Mysteel付费; 基差=现货价-JM0_close*1.33
2023-11-03,1874.0,DATA_UNAVAILABLE,DATA_UNAVAILABLE,现货报价需汾渭/Mysteel付费; 基差=现货价-JM0_close*1.33
2023-11-06,1894.5,DATA_UNAVAILABLE,DATA_UNAVAILABLE,现货报价需汾渭/Mysteel付费; 基差=现货价-JM0_close*1.33
2023-11-07,1911.5,DATA_UNAVAILABLE,DATA_UNAVAILABLE,现货报价需汾渭/Mysteel付费; 基差=现货价-JM0_close*1.33
2023-11-08,1957.0,DATA_UNAVAILABLE,DATA_UNAVAILABLE,现货报价需汾渭/Mysteel付费; 基差=现货价-JM0_close*1.33
2023-11-09,1964.0,DATA_UNAVAILABLE,DATA_UNAVAILABLE,现货报价需汾渭/Mysteel付费; 基差=现货价-JM0_close*1.33
2023-11-10,1999.0,DATA_UNAVAILABLE,DATA_UNAVAILABLE,现货报价需汾渭/Mysteel付费; 基差=现货价-JM0_close*1.33
2023-11-13,2015.0,DATA_UNAVAILABLE,DATA_UNAVAILABLE,现货报价需汾渭/Mysteel付费; 基差=现货价-JM0_close*1.33
2023-11-14,2004.5,DATA_UNAVAILABLE,DATA_UNAVAILABLE,现货报价需汾渭/Mysteel付费; 基差=现货价-JM0_close*1.33
2023-11-15,1989.5,DATA_UNAVAILABLE,DATA_UNAVAILABLE,现货报价需汾渭/Mysteel付费; 基差=现货价-JM0_close*1.33
2023-11-16,2082.5,DATA_UNAVAILABLE,DATA_UNAVAILABLE,现货报价需汾渭/Mysteel付费; 基差=现货价-JM0_close*1.33
2023-11-17,2044.5,DATA_UNAVAILABLE,DATA_UNAVAILABLE,现货报价需汾渭/Mysteel付费; 基差=现货价-JM0_close*1.33
2023-11-20,2064.5,DATA_UNAVAILABLE,DATA_UNAVAILABLE,现货报价需汾渭/Mysteel付费; 基差=现货价-JM0_close*1.33
2023-11-21,2005.0,DATA_UNAVAILABLE,DATA_UNAVAILABLE,现货报价需汾渭/Mysteel付费; 基差=现货价-JM0_close*1.33
2023-11-22,2028.5,DATA_UNAVAILABLE,DATA_UNAVAILABLE,现货报价需汾渭/Mysteel付费; 基差=现货价-JM0_close*1.33
2023-11-23,2015.0,DATA_UNAVAILABLE,DATA_UNAVAILABLE,现货报价需汾渭/Mysteel付费; 基差=现货价-JM0_close*1.33
2023-11-24,2092.5,DATA_UNAVAILABLE,DATA_UNAVAILABLE,现货报价需汾渭/Mysteel付费; 基差=现货价-JM0_close*1.33
2023-11-27,2171.0,DATA_UNAVAILABLE,DATA_UNAVAILABLE,现货报价需汾渭/Mysteel付费; 基差=现货价-JM0_close*1.33
2023-11-28,2124.0,DATA_UNAVAILABLE,DATA_UNAVAILABLE,现货报价需汾渭/Mysteel付费; 基差=现货价-JM0_close*1.33
2023-11-29,2085.0,DATA_UNAVAILABLE,DATA_UNAVAILABLE,现货报价需汾渭/Mysteel付费; 基差=现货价-JM0_close*1.33
2023-11-30,2090.0,DATA_UNAVAILABLE,DATA_UNAVAILABLE,现货报价需汾渭/Mysteel付费; 基差=现货价-JM0_close*1.33
2023-12-01,2116.5,DATA_UNAVAILABLE,DATA_UNAVAILABLE,现货报价需汾渭/Mysteel付费; 基差=现货价-JM0_close*1.33
2023-12-04,1995.0,DATA_UNAVAILABLE,DATA_UNAVAILABLE,现货报价需汾渭/Mysteel付费; 基差=现货价-JM0_close*1.33
2023-12-05,1989.5,DATA_UNAVAILABLE,DATA_UNAVAILABLE,现货报价需汾渭/Mysteel付费; 基差=现货价-JM0_close*1.33
2023-12-06,2018.0,DATA_UNAVAILABLE,DATA_UNAVAILABLE,现货报价需汾渭/Mysteel付费; 基差=现货价-JM0_close*1.33
2023-12-07,2064.0,DATA_UNAVAILABLE,DATA_UNAVAILABLE,现货报价需汾渭/Mysteel付费; 基差=现货价-JM0_close*1.33
2023-12-08,1990.5,DATA_UNAVAILABLE,DATA_UNAVAILABLE,现货报价需汾渭/Mysteel付费; 基差=现货价-JM0_close*1.33
2023-12-11,1956.0,DATA_UNAVAILABLE,DATA_UNAVAILABLE,现货报价需汾渭/Mysteel付费; 基差=现货价-JM0_close*1.33
2023-12-12,2022.0,DATA_UNAVAILABLE,DATA_UNAVAILABLE,现货报价需汾渭/Mysteel付费; 基差=现货价-JM0_close*1.33
2023-12-13,1898.5,DATA_UNAVAILABLE,DATA_UNAVAILABLE,现货报价需汾渭/Mysteel付费; 基差=现货价-JM0_close*1.33
2023-12-14,1881.0,DATA_UNAVAILABLE,DATA_UNAVAILABLE,现货报价需汾渭/Mysteel付费; 基差=现货价-JM0_close*1.33
2023-12-15,1907.5,DATA_UNAVAILABLE,DATA_UNAVAILABLE,现货报价需汾渭/Mysteel付费; 基差=现货价-JM0_close*1.33
2023-12-18,1885.5,DATA_UNAVAILABLE,DATA_UNAVAILABLE,现货报价需汾渭/Mysteel付费; 基差=现货价-JM0_close*1.33
2023-12-19,1886.5,DATA_UNAVAILABLE,DATA_UNAVAILABLE,现货报价需汾渭/Mysteel付费; 基差=现货价-JM0_close*1.33
2023-12-20,1907.5,DATA_UNAVAILABLE,DATA_UNAVAILABLE,现货报价需汾渭/Mysteel付费; 基差=现货价-JM0_close*1.33
2023-12-21,1953.5,DATA_UNAVAILABLE,DATA_UNAVAILABLE,现货报价需汾渭/Mysteel付费; 基差=现货价-JM0_close*1.33
2023-12-22,1968.5,DATA_UNAVAILABLE,DATA_UNAVAILABLE,现货报价需汾渭/Mysteel付费; 基差=现货价-JM0_close*1.33
2023-12-25,1950.5,DATA_UNAVAILABLE,DATA_UNAVAILABLE,现货报价需汾渭/Mysteel付费; 基差=现货价-JM0_close*1.33
2023-12-26,1943.0,DATA_UNAVAILABLE,DATA_UNAVAILABLE,现货报价需汾渭/Mysteel付费; 基差=现货价-JM0_close*1.33
2023-12-27,1913.0,DATA_UNAVAILABLE,DATA_UNAVAILABLE,现货报价需汾渭/Mysteel付费; 基差=现货价-JM0_close*1.33
2023-12-28,1879.0,DATA_UNAVAILABLE,DATA_UNAVAILABLE,现货报价需汾渭/Mysteel付费; 基差=现货价-JM0_close*1.33
2023-12-29,1887.5,DATA_UNAVAILABLE,DATA_UNAVAILABLE,现货报价需汾渭/Mysteel付费; 基差=现货价-JM0_close*1.33
2024-01-02,1930.0,DATA_UNAVAILABLE,DATA_UNAVAILABLE,现货报价需汾渭/Mysteel付费; 基差=现货价-JM0_close*1.33
2024-01-03,1973.0,DATA_UNAVAILABLE,DATA_UNAVAILABLE,现货报价需汾渭/Mysteel付费; 基差=现货价-JM0_close*1.33
2024-01-04,1885.5,DATA_UNAVAILABLE,DATA_UNAVAILABLE,现货报价需汾渭/Mysteel付费; 基差=现货价-JM0_close*1.33
2024-01-05,1846.0,DATA_UNAVAILABLE,DATA_UNAVAILABLE,现货报价需汾渭/Mysteel付费; 基差=现货价-JM0_close*1.33
2024-01-08,1786.5,DATA_UNAVAILABLE,DATA_UNAVAILABLE,现货报价需汾渭/Mysteel付费; 基差=现货价-JM0_close*1.33
2024-01-09,1786.5,DATA_UNAVAILABLE,DATA_UNAVAILABLE,现货报价需汾渭/Mysteel付费; 基差=现货价-JM0_close*1.33
2024-01-10,1759.0,DATA_UNAVAILABLE,DATA_UNAVAILABLE,现货报价需汾渭/Mysteel付费; 基差=现货价-JM0_close*1.33
2024-01-11,1803.5,DATA_UNAVAILABLE,DATA_UNAVAILABLE,现货报价需汾渭/Mysteel付费; 基差=现货价-JM0_close*1.33
2024-01-12,1788.5,DATA_UNAVAILABLE,DATA_UNAVAILABLE,现货报价需汾渭/Mysteel付费; 基差=现货价-JM0_close*1.33
2024-01-15,1796.0,DATA_UNAVAILABLE,DATA_UNAVAILABLE,现货报价需汾渭/Mysteel付费; 基差=现货价-JM0_close*1.33
2024-01-16,1798.5,DATA_UNAVAILABLE,DATA_UNAVAILABLE,现货报价需汾渭/Mysteel付费; 基差=现货价-JM0_close*1.33
2024-01-17,1776.5,DATA_UNAVAILABLE,DATA_UNAVAILABLE,现货报价需汾渭/Mysteel付费; 基差=现货价-JM0_close*1.33
2024-01-18,1816.5,DATA_UNAVAILABLE,DATA_UNAVAILABLE,现货报价需汾渭/Mysteel付费; 基差=现货价-JM0_close*1.33
2024-01-19,1822.5,DATA_UNAVAILABLE,DATA_UNAVAILABLE,现货报价需汾渭/Mysteel付费; 基差=现货价-JM0_close*1.33
2024-01-22,1812.5,DATA_UNAVAILABLE,DATA_UNAVAILABLE,现货报价需汾渭/Mysteel付费; 基差=现货价-JM0_close*1.33
2024-01-23,1826.5,DATA_UNAVAILABLE,DATA_UNAVAILABLE,现货报价需汾渭/Mysteel付费; 基差=现货价-JM0_close*1.33
2024-01-24,1853.0,DATA_UNAVAILABLE,DATA_UNAVAILABLE,现货报价需汾渭/Mysteel付费; 基差=现货价-JM0_close*1.33
2024-01-25,1835.0,DATA_UNAVAILABLE,DATA_UNAVAILABLE,现货报价需汾渭/Mysteel付费; 基差=现货价-JM0_close*1.33
2024-01-26,1778.5,DATA_UNAVAILABLE,DATA_UNAVAILABLE,现货报价需汾渭/Mysteel付费; 基差=现货价-JM0_close*1.33
2024-01-29,1780.0,DATA_UNAVAILABLE,DATA_UNAVAILABLE,现货报价需汾渭/Mysteel付费; 基差=现货价-JM0_close*1.33
2024-01-30,1751.0,DATA_UNAVAILABLE,DATA_UNAVAILABLE,现货报价需汾渭/Mysteel付费; 基差=现货价-JM0_close*1.33
2024-01-31,1704.0,DATA_UNAVAILABLE,DATA_UNAVAILABLE,现货报价需汾渭/Mysteel付费; 基差=现货价-JM0_close*1.33
2024-02-01,1726.0,DATA_UNAVAILABLE,DATA_UNAVAILABLE,现货报价需汾渭/Mysteel付费; 基差=现货价-JM0_close*1.33
2024-02-02,1708.5,DATA_UNAVAILABLE,DATA_UNAVAILABLE,现货报价需汾渭/Mysteel付费; 基差=现货价-JM0_close*1.33
2024-02-05,1708.0,DATA_UNAVAILABLE,DATA_UNAVAILABLE,现货报价需汾渭/Mysteel付费; 基差=现货价-JM0_close*1.33
2024-02-06,1715.0,DATA_UNAVAILABLE,DATA_UNAVAILABLE,现货报价需汾渭/Mysteel付费; 基差=现货价-JM0_close*1.33
2024-02-07,1700.5,DATA_UNAVAILABLE,DATA_UNAVAILABLE,现货报价需汾渭/Mysteel付费; 基差=现货价-JM0_close*1.33
2024-02-08,1746.0,DATA_UNAVAILABLE,DATA_UNAVAILABLE,现货报价需汾渭/Mysteel付费; 基差=现货价-JM0_close*1.33
2024-02-19,1647.0,DATA_UNAVAILABLE,DATA_UNAVAILABLE,现货报价需汾渭/Mysteel付费; 基差=现货价-JM0_close*1.33
2024-02-20,1646.5,DATA_UNAVAILABLE,DATA_UNAVAILABLE,现货报价需汾渭/Mysteel付费; 基差=现货价-JM0_close*1.33
2024-02-21,1748.5,DATA_UNAVAILABLE,DATA_UNAVAILABLE,现货报价需汾渭/Mysteel付费; 基差=现货价-JM0_close*1.33
2024-02-22,1793.5,DATA_UNAVAILABLE,DATA_UNAVAILABLE,现货报价需汾渭/Mysteel付费; 基差=现货价-JM0_close*1.33
2024-02-23,1766.0,DATA_UNAVAILABLE,DATA_UNAVAILABLE,现货报价需汾渭/Mysteel付费; 基差=现货价-JM0_close*1.33
2024-02-26,1702.5,DATA_UNAVAILABLE,DATA_UNAVAILABLE,现货报价需汾渭/Mysteel付费; 基差=现货价-JM0_close*1.33
2024-02-27,1770.0,DATA_UNAVAILABLE,DATA_UNAVAILABLE,现货报价需汾渭/Mysteel付费; 基差=现货价-JM0_close*1.33
2024-02-28,1772.5,DATA_UNAVAILABLE,DATA_UNAVAILABLE,现货报价需汾渭/Mysteel付费; 基差=现货价-JM0_close*1.33
2024-02-29,1791.5,DATA_UNAVAILABLE,DATA_UNAVAILABLE,现货报价需汾渭/Mysteel付费; 基差=现货价-JM0_close*1.33
2024-03-01,1780.5,DATA_UNAVAILABLE,DATA_UNAVAILABLE,现货报价需汾渭/Mysteel付费; 基差=现货价-JM0_close*1.33
2024-03-04,1789.5,DATA_UNAVAILABLE,DATA_UNAVAILABLE,现货报价需汾渭/Mysteel付费; 基差=现货价-JM0_close*1.33
2024-03-05,1740.0,DATA_UNAVAILABLE,DATA_UNAVAILABLE,现货报价需汾渭/Mysteel付费; 基差=现货价-JM0_close*1.33
2024-03-06,1720.0,DATA_UNAVAILABLE,DATA_UNAVAILABLE,现货报价需汾渭/Mysteel付费; 基差=现货价-JM0_close*1.33
2024-03-07,1729.0,DATA_UNAVAILABLE,DATA_UNAVAILABLE,现货报价需汾渭/Mysteel付费; 基差=现货价-JM0_close*1.33
2024-03-08,1729.5,DATA_UNAVAILABLE,DATA_UNAVAILABLE,现货报价需汾渭/Mysteel付费; 基差=现货价-JM0_close*1.33
2024-03-11,1670.5,DATA_UNAVAILABLE,DATA_UNAVAILABLE,现货报价需汾渭/Mysteel付费; 基差=现货价-JM0_close*1.33
2024-03-12,1703.0,DATA_UNAVAILABLE,DATA_UNAVAILABLE,现货报价需汾渭/Mysteel付费; 基差=现货价-JM0_close*1.33
2024-03-13,1637.5,DATA_UNAVAILABLE,DATA_UNAVAILABLE,现货报价需汾渭/Mysteel付费; 基差=现货价-JM0_close*1.33
2024-03-14,1599.0,DATA_UNAVAILABLE,DATA_UNAVAILABLE,现货报价需汾渭/Mysteel付费; 基差=现货价-JM0_close*1.33
2024-03-15,1564.5,DATA_UNAVAILABLE,DATA_UNAVAILABLE,现货报价需汾渭/Mysteel付费; 基差=现货价-JM0_close*1.33
2024-03-18,1591.0,DATA_UNAVAILABLE,DATA_UNAVAILABLE,现货报价需汾渭/Mysteel付费; 基差=现货价-JM0_close*1.33
2024-03-19,1630.5,DATA_UNAVAILABLE,DATA_UNAVAILABLE,现货报价需汾渭/Mysteel付费; 基差=现货价-JM0_close*1.33
2024-03-20,1638.5,DATA_UNAVAILABLE,DATA_UNAVAILABLE,现货报价需汾渭/Mysteel付费; 基差=现货价-JM0_close*1.33
2024-03-21,1656.5,DATA_UNAVAILABLE,DATA_UNAVAILABLE,现货报价需汾渭/Mysteel付费; 基差=现货价-JM0_close*1.33
2024-03-22,1665.5,DATA_UNAVAILABLE,DATA_UNAVAILABLE,现货报价需汾渭/Mysteel付费; 基差=现货价-JM0_close*1.33
2024-03-25,1647.5,DATA_UNAVAILABLE,DATA_UNAVAILABLE,现货报价需汾渭/Mysteel付费; 基差=现货价-JM0_close*1.33
2024-03-26,1611.0,DATA_UNAVAILABLE,DATA_UNAVAILABLE,现货报价需汾渭/Mysteel付费; 基差=现货价-JM0_close*1.33
2024-03-27,1569.0,DATA_UNAVAILABLE,DATA_UNAVAILABLE,现货报价需汾渭/Mysteel付费; 基差=现货价-JM0_close*1.33
2024-03-28,1570.5,DATA_UNAVAILABLE,DATA_UNAVAILABLE,现货报价需汾渭/Mysteel付费; 基差=现货价-JM0_close*1.33
2024-03-29,1487.5,DATA_UNAVAILABLE,DATA_UNAVAILABLE,现货报价需汾渭/Mysteel付费; 基差=现货价-JM0_close*1.33
2024-04-01,1471.5,DATA_UNAVAILABLE,DATA_UNAVAILABLE,现货报价需汾渭/Mysteel付费; 基差=现货价-JM0_close*1.33
2024-04-02,1443.0,DATA_UNAVAILABLE,DATA_UNAVAILABLE,现货报价需汾渭/Mysteel付费; 基差=现货价-JM0_close*1.33
2024-04-03,1471.5,DATA_UNAVAILABLE,DATA_UNAVAILABLE,现货报价需汾渭/Mysteel付费; 基差=现货价-JM0_close*1.33
2024-04-08,1493.5,DATA_UNAVAILABLE,DATA_UNAVAILABLE,现货报价需汾渭/Mysteel付费; 基差=现货价-JM0_close*1.33
2024-04-09,1508.0,DATA_UNAVAILABLE,DATA_UNAVAILABLE,现货报价需汾渭/Mysteel付费; 基差=现货价-JM0_close*1.33
2024-04-10,1507.5,DATA_UNAVAILABLE,DATA_UNAVAILABLE,现货报价需汾渭/Mysteel付费; 基差=现货价-JM0_close*1.33
2024-04-11,1655.0,DATA_UNAVAILABLE,DATA_UNAVAILABLE,现货报价需汾渭/Mysteel付费; 基差=现货价-JM0_close*1.33
2024-04-12,1709.0,DATA_UNAVAILABLE,DATA_UNAVAILABLE,现货报价需汾渭/Mysteel付费; 基差=现货价-JM0_close*1.33
2024-04-15,1740.0,DATA_UNAVAILABLE,DATA_UNAVAILABLE,现货报价需汾渭/Mysteel付费; 基差=现货价-JM0_close*1.33
2024-04-16,1746.0,DATA_UNAVAILABLE,DATA_UNAVAILABLE,现货报价需汾渭/Mysteel付费; 基差=现货价-JM0_close*1.33
2024-04-17,1787.0,DATA_UNAVAILABLE,DATA_UNAVAILABLE,现货报价需汾渭/Mysteel付费; 基差=现货价-JM0_close*1.33
2024-04-18,1791.5,DATA_UNAVAILABLE,DATA_UNAVAILABLE,现货报价需汾渭/Mysteel付费; 基差=现货价-JM0_close*1.33
2024-04-19,1802.5,DATA_UNAVAILABLE,DATA_UNAVAILABLE,现货报价需汾渭/Mysteel付费; 基差=现货价-JM0_close*1.33
2024-04-22,1790.0,DATA_UNAVAILABLE,DATA_UNAVAILABLE,现货报价需汾渭/Mysteel付费; 基差=现货价-JM0_close*1.33
2024-04-23,1734.5,DATA_UNAVAILABLE,DATA_UNAVAILABLE,现货报价需汾渭/Mysteel付费; 基差=现货价-JM0_close*1.33
2024-04-24,1789.0,DATA_UNAVAILABLE,DATA_UNAVAILABLE,现货报价需汾渭/Mysteel付费; 基差=现货价-JM0_close*1.33
2024-04-25,1804.5,DATA_UNAVAILABLE,DATA_UNAVAILABLE,现货报价需汾渭/Mysteel付费; 基差=现货价-JM0_close*1.33
2024-04-26,1817.5,DATA_UNAVAILABLE,DATA_UNAVAILABLE,现货报价需汾渭/Mysteel付费; 基差=现货价-JM0_close*1.33
2024-04-29,1808.5,DATA_UNAVAILABLE,DATA_UNAVAILABLE,现货报价需汾渭/Mysteel付费; 基差=现货价-JM0_close*1.33
2024-04-30,1806.0,DATA_UNAVAILABLE,DATA_UNAVAILABLE,现货报价需汾渭/Mysteel付费; 基差=现货价-JM0_close*1.33
2024-05-06,1873.0,DATA_UNAVAILABLE,DATA_UNAVAILABLE,现货报价需汾渭/Mysteel付费; 基差=现货价-JM0_close*1.33
2024-05-07,1853.0,DATA_UNAVAILABLE,DATA_UNAVAILABLE,现货报价需汾渭/Mysteel付费; 基差=现货价-JM0_close*1.33
2024-05-08,1777.5,DATA_UNAVAILABLE,DATA_UNAVAILABLE,现货报价需汾渭/Mysteel付费; 基差=现货价-JM0_close*1.33
2024-05-09,1769.5,DATA_UNAVAILABLE,DATA_UNAVAILABLE,现货报价需汾渭/Mysteel付费; 基差=现货价-JM0_close*1.33
2024-05-10,1753.5,DATA_UNAVAILABLE,DATA_UNAVAILABLE,现货报价需汾渭/Mysteel付费; 基差=现货价-JM0_close*1.33
2024-05-13,1737.0,DATA_UNAVAILABLE,DATA_UNAVAILABLE,现货报价需汾渭/Mysteel付费; 基差=现货价-JM0_close*1.33
2024-05-14,1664.0,DATA_UNAVAILABLE,DATA_UNAVAILABLE,现货报价需汾渭/Mysteel付费; 基差=现货价-JM0_close*1.33
2024-05-15,1664.0,DATA_UNAVAILABLE,DATA_UNAVAILABLE,现货报价需汾渭/Mysteel付费; 基差=现货价-JM0_close*1.33
2024-05-16,1720.5,DATA_UNAVAILABLE,DATA_UNAVAILABLE,现货报价需汾渭/Mysteel付费; 基差=现货价-JM0_close*1.33
2024-05-17,1724.5,DATA_UNAVAILABLE,DATA_UNAVAILABLE,现货报价需汾渭/Mysteel付费; 基差=现货价-JM0_close*1.33
2024-05-20,1743.0,DATA_UNAVAILABLE,DATA_UNAVAILABLE,现货报价需汾渭/Mysteel付费; 基差=现货价-JM0_close*1.33
2024-05-21,1736.5,DATA_UNAVAILABLE,DATA_UNAVAILABLE,现货报价需汾渭/Mysteel付费; 基差=现货价-JM0_close*1.33
2024-05-22,1799.5,DATA_UNAVAILABLE,DATA_UNAVAILABLE,现货报价需汾渭/Mysteel付费; 基差=现货价-JM0_close*1.33
2024-05-23,1786.0,DATA_UNAVAILABLE,DATA_UNAVAILABLE,现货报价需汾渭/Mysteel付费; 基差=现货价-JM0_close*1.33
2024-05-24,1814.0,DATA_UNAVAILABLE,DATA_UNAVAILABLE,现货报价需汾渭/Mysteel付费; 基差=现货价-JM0_close*1.33
2024-05-27,1751.0,DATA_UNAVAILABLE,DATA_UNAVAILABLE,现货报价需汾渭/Mysteel付费; 基差=现货价-JM0_close*1.33
2024-05-28,1703.0,DATA_UNAVAILABLE,DATA_UNAVAILABLE,现货报价需汾渭/Mysteel付费; 基差=现货价-JM0_close*1.33
2024-05-29,1726.0,DATA_UNAVAILABLE,DATA_UNAVAILABLE,现货报价需汾渭/Mysteel付费; 基差=现货价-JM0_close*1.33
2024-05-30,1679.5,DATA_UNAVAILABLE,DATA_UNAVAILABLE,现货报价需汾渭/Mysteel付费; 基差=现货价-JM0_close*1.33
2024-05-31,1670.5,DATA_UNAVAILABLE,DATA_UNAVAILABLE,现货报价需汾渭/Mysteel付费; 基差=现货价-JM0_close*1.33
2024-06-03,1696.5,DATA_UNAVAILABLE,DATA_UNAVAILABLE,现货报价需汾渭/Mysteel付费; 基差=现货价-JM0_close*1.33
2024-06-04,1671.5,DATA_UNAVAILABLE,DATA_UNAVAILABLE,现货报价需汾渭/Mysteel付费; 基差=现货价-JM0_close*1.33
2024-06-05,1652.0,DATA_UNAVAILABLE,DATA_UNAVAILABLE,现货报价需汾渭/Mysteel付费; 基差=现货价-JM0_close*1.33
2024-06-06,1637.5,DATA_UNAVAILABLE,DATA_UNAVAILABLE,现货报价需汾渭/Mysteel付费; 基差=现货价-JM0_close*1.33
2024-06-07,1637.0,DATA_UNAVAILABLE,DATA_UNAVAILABLE,现货报价需汾渭/Mysteel付费; 基差=现货价-JM0_close*1.33
2024-06-11,1602.5,DATA_UNAVAILABLE,DATA_UNAVAILABLE,现货报价需汾渭/Mysteel付费; 基差=现货价-JM0_close*1.33
2024-06-12,1628.0,DATA_UNAVAILABLE,DATA_UNAVAILABLE,现货报价需汾渭/Mysteel付费; 基差=现货价-JM0_close*1.33
2024-06-13,1619.0,DATA_UNAVAILABLE,DATA_UNAVAILABLE,现货报价需汾渭/Mysteel付费; 基差=现货价-JM0_close*1.33
2024-06-14,1658.0,DATA_UNAVAILABLE,DATA_UNAVAILABLE,现货报价需汾渭/Mysteel付费; 基差=现货价-JM0_close*1.33
2024-06-17,1631.0,DATA_UNAVAILABLE,DATA_UNAVAILABLE,现货报价需汾渭/Mysteel付费; 基差=现货价-JM0_close*1.33
2024-06-18,1615.0,DATA_UNAVAILABLE,DATA_UNAVAILABLE,现货报价需汾渭/Mysteel付费; 基差=现货价-JM0_close*1.33
2024-06-19,1616.0,DATA_UNAVAILABLE,DATA_UNAVAILABLE,现货报价需汾渭/Mysteel付费; 基差=现货价-JM0_close*1.33
2024-06-20,1587.5,DATA_UNAVAILABLE,DATA_UNAVAILABLE,现货报价需汾渭/Mysteel付费; 基差=现货价-JM0_close*1.33
2024-06-21,1560.0,DATA_UNAVAILABLE,DATA_UNAVAILABLE,现货报价需汾渭/Mysteel付费; 基差=现货价-JM0_close*1.33
2024-06-24,1543.0,DATA_UNAVAILABLE,DATA_UNAVAILABLE,现货报价需汾渭/Mysteel付费; 基差=现货价-JM0_close*1.33
2024-06-25,1546.5,DATA_UNAVAILABLE,DATA_UNAVAILABLE,现货报价需汾渭/Mysteel付费; 基差=现货价-JM0_close*1.33
2024-06-26,1581.0,DATA_UNAVAILABLE,DATA_UNAVAILABLE,现货报价需汾渭/Mysteel付费; 基差=现货价-JM0_close*1.33
2024-06-27,1556.5,DATA_UNAVAILABLE,DATA_UNAVAILABLE,现货报价需汾渭/Mysteel付费; 基差=现货价-JM0_close*1.33
2024-06-28,1573.5,DATA_UNAVAILABLE,DATA_UNAVAILABLE,现货报价需汾渭/Mysteel付费; 基差=现货价-JM0_close*1.33
2024-07-01,1603.0,DATA_UNAVAILABLE,DATA_UNAVAILABLE,现货报价需汾渭/Mysteel付费; 基差=现货价-JM0_close*1.33
2024-07-02,1612.0,DATA_UNAVAILABLE,DATA_UNAVAILABLE,现货报价需汾渭/Mysteel付费; 基差=现货价-JM0_close*1.33
2024-07-03,1631.5,DATA_UNAVAILABLE,DATA_UNAVAILABLE,现货报价需汾渭/Mysteel付费; 基差=现货价-JM0_close*1.33
2024-07-04,1616.0,DATA_UNAVAILABLE,DATA_UNAVAILABLE,现货报价需汾渭/Mysteel付费; 基差=现货价-JM0_close*1.33
2024-07-05,1557.0,DATA_UNAVAILABLE,DATA_UNAVAILABLE,现货报价需汾渭/Mysteel付费; 基差=现货价-JM0_close*1.33
2024-07-08,1556.0,DATA_UNAVAILABLE,DATA_UNAVAILABLE,现货报价需汾渭/Mysteel付费; 基差=现货价-JM0_close*1.33
2024-07-09,1563.0,DATA_UNAVAILABLE,DATA_UNAVAILABLE,现货报价需汾渭/Mysteel付费; 基差=现货价-JM0_close*1.33
2024-07-10,1531.0,DATA_UNAVAILABLE,DATA_UNAVAILABLE,现货报价需汾渭/Mysteel付费; 基差=现货价-JM0_close*1.33
2024-07-11,1560.0,DATA_UNAVAILABLE,DATA_UNAVAILABLE,现货报价需汾渭/Mysteel付费; 基差=现货价-JM0_close*1.33
2024-07-12,1571.0,DATA_UNAVAILABLE,DATA_UNAVAILABLE,现货报价需汾渭/Mysteel付费; 基差=现货价-JM0_close*1.33
2024-07-15,1580.5,DATA_UNAVAILABLE,DATA_UNAVAILABLE,现货报价需汾渭/Mysteel付费; 基差=现货价-JM0_close*1.33
2024-07-16,1571.0,DATA_UNAVAILABLE,DATA_UNAVAILABLE,现货报价需汾渭/Mysteel付费; 基差=现货价-JM0_close*1.33
2024-07-17,1556.0,DATA_UNAVAILABLE,DATA_UNAVAILABLE,现货报价需汾渭/Mysteel付费; 基差=现货价-JM0_close*1.33
2024-07-18,1564.0,DATA_UNAVAILABLE,DATA_UNAVAILABLE,现货报价需汾渭/Mysteel付费; 基差=现货价-JM0_close*1.33
2024-07-19,1543.5,DATA_UNAVAILABLE,DATA_UNAVAILABLE,现货报价需汾渭/Mysteel付费; 基差=现货价-JM0_close*1.33
2024-07-22,1507.0,DATA_UNAVAILABLE,DATA_UNAVAILABLE,现货报价需汾渭/Mysteel付费; 基差=现货价-JM0_close*1.33
2024-07-23,1482.0,DATA_UNAVAILABLE,DATA_UNAVAILABLE,现货报价需汾渭/Mysteel付费; 基差=现货价-JM0_close*1.33
2024-07-24,1489.0,DATA_UNAVAILABLE,DATA_UNAVAILABLE,现货报价需汾渭/Mysteel付费; 基差=现货价-JM0_close*1.33
2024-07-25,1474.0,DATA_UNAVAILABLE,DATA_UNAVAILABLE,现货报价需汾渭/Mysteel付费; 基差=现货价-JM0_close*1.33
2024-07-26,1487.5,DATA_UNAVAILABLE,DATA_UNAVAILABLE,现货报价需汾渭/Mysteel付费; 基差=现货价-JM0_close*1.33
2024-07-29,1477.0,DATA_UNAVAILABLE,DATA_UNAVAILABLE,现货报价需汾渭/Mysteel付费; 基差=现货价-JM0_close*1.33
2024-07-30,1446.5,DATA_UNAVAILABLE,DATA_UNAVAILABLE,现货报价需汾渭/Mysteel付费; 基差=现货价-JM0_close*1.33
2024-07-31,1461.0,DATA_UNAVAILABLE,DATA_UNAVAILABLE,现货报价需汾渭/Mysteel付费; 基差=现货价-JM0_close*1.33
2024-08-01,1431.0,DATA_UNAVAILABLE,DATA_UNAVAILABLE,现货报价需汾渭/Mysteel付费; 基差=现货价-JM0_close*1.33
2024-08-02,1426.0,DATA_UNAVAILABLE,DATA_UNAVAILABLE,现货报价需汾渭/Mysteel付费; 基差=现货价-JM0_close*1.33
2024-08-05,1423.0,DATA_UNAVAILABLE,DATA_UNAVAILABLE,现货报价需汾渭/Mysteel付费; 基差=现货价-JM0_close*1.33
2024-08-06,1402.0,DATA_UNAVAILABLE,DATA_UNAVAILABLE,现货报价需汾渭/Mysteel付费; 基差=现货价-JM0_close*1.33
2024-08-07,1412.0,DATA_UNAVAILABLE,DATA_UNAVAILABLE,现货报价需汾渭/Mysteel付费; 基差=现货价-JM0_close*1.33
2024-08-08,1378.0,DATA_UNAVAILABLE,DATA_UNAVAILABLE,现货报价需汾渭/Mysteel付费; 基差=现货价-JM0_close*1.33
2024-08-09,1391.5,DATA_UNAVAILABLE,DATA_UNAVAILABLE,现货报价需汾渭/Mysteel付费; 基差=现货价-JM0_close*1.33
2024-08-12,1360.0,DATA_UNAVAILABLE,DATA_UNAVAILABLE,现货报价需汾渭/Mysteel付费; 基差=现货价-JM0_close*1.33
2024-08-13,1337.0,DATA_UNAVAILABLE,DATA_UNAVAILABLE,现货报价需汾渭/Mysteel付费; 基差=现货价-JM0_close*1.33
2024-08-14,1316.0,DATA_UNAVAILABLE,DATA_UNAVAILABLE,现货报价需汾渭/Mysteel付费; 基差=现货价-JM0_close*1.33
2024-08-15,1367.5,DATA_UNAVAILABLE,DATA_UNAVAILABLE,现货报价需汾渭/Mysteel付费; 基差=现货价-JM0_close*1.33
2024-08-16,1343.5,DATA_UNAVAILABLE,DATA_UNAVAILABLE,现货报价需汾渭/Mysteel付费; 基差=现货价-JM0_close*1.33
2024-08-19,1346.5,DATA_UNAVAILABLE,DATA_UNAVAILABLE,现货报价需汾渭/Mysteel付费; 基差=现货价-JM0_close*1.33
2024-08-20,1327.0,DATA_UNAVAILABLE,DATA_UNAVAILABLE,现货报价需汾渭/Mysteel付费; 基差=现货价-JM0_close*1.33
2024-08-21,1372.5,DATA_UNAVAILABLE,DATA_UNAVAILABLE,现货报价需汾渭/Mysteel付费; 基差=现货价-JM0_close*1.33
2024-08-22,1343.5,DATA_UNAVAILABLE,DATA_UNAVAILABLE,现货报价需汾渭/Mysteel付费; 基差=现货价-JM0_close*1.33
2024-08-23,1314.0,DATA_UNAVAILABLE,DATA_UNAVAILABLE,现货报价需汾渭/Mysteel付费; 基差=现货价-JM0_close*1.33
2024-08-26,1361.0,DATA_UNAVAILABLE,DATA_UNAVAILABLE,现货报价需汾渭/Mysteel付费; 基差=现货价-JM0_close*1.33
2024-08-27,1383.5,DATA_UNAVAILABLE,DATA_UNAVAILABLE,现货报价需汾渭/Mysteel付费; 基差=现货价-JM0_close*1.33
2024-08-28,1382.0,DATA_UNAVAILABLE,DATA_UNAVAILABLE,现货报价需汾渭/Mysteel付费; 基差=现货价-JM0_close*1.33
2024-08-29,1387.0,DATA_UNAVAILABLE,DATA_UNAVAILABLE,现货报价需汾渭/Mysteel付费; 基差=现货价-JM0_close*1.33
2024-08-30,1370.5,DATA_UNAVAILABLE,DATA_UNAVAILABLE,现货报价需汾渭/Mysteel付费; 基差=现货价-JM0_close*1.33
2024-09-02,1327.5,DATA_UNAVAILABLE,DATA_UNAVAILABLE,现货报价需汾渭/Mysteel付费; 基差=现货价-JM0_close*1.33
2024-09-03,1315.0,DATA_UNAVAILABLE,DATA_UNAVAILABLE,现货报价需汾渭/Mysteel付费; 基差=现货价-JM0_close*1.33
2024-09-04,1256.5,DATA_UNAVAILABLE,DATA_UNAVAILABLE,现货报价需汾渭/Mysteel付费; 基差=现货价-JM0_close*1.33
2024-09-05,1238.0,DATA_UNAVAILABLE,DATA_UNAVAILABLE,现货报价需汾渭/Mysteel付费; 基差=现货价-JM0_close*1.33
2024-09-06,1231.5,DATA_UNAVAILABLE,DATA_UNAVAILABLE,现货报价需汾渭/Mysteel付费; 基差=现货价-JM0_close*1.33
2024-09-09,1230.5,DATA_UNAVAILABLE,DATA_UNAVAILABLE,现货报价需汾渭/Mysteel付费; 基差=现货价-JM0_close*1.33
2024-09-10,1227.5,DATA_UNAVAILABLE,DATA_UNAVAILABLE,现货报价需汾渭/Mysteel付费; 基差=现货价-JM0_close*1.33
2024-09-11,1262.0,DATA_UNAVAILABLE,DATA_UNAVAILABLE,现货报价需汾渭/Mysteel付费; 基差=现货价-JM0_close*1.33
2024-09-12,1282.5,DATA_UNAVAILABLE,DATA_UNAVAILABLE,现货报价需汾渭/Mysteel付费; 基差=现货价-JM0_close*1.33
2024-09-13,1269.0,DATA_UNAVAILABLE,DATA_UNAVAILABLE,现货报价需汾渭/Mysteel付费; 基差=现货价-JM0_close*1.33
2024-09-18,1262.0,DATA_UNAVAILABLE,DATA_UNAVAILABLE,现货报价需汾渭/Mysteel付费; 基差=现货价-JM0_close*1.33
2024-09-19,1291.0,DATA_UNAVAILABLE,DATA_UNAVAILABLE,现货报价需汾渭/Mysteel付费; 基差=现货价-JM0_close*1.33
2024-09-20,1274.0,DATA_UNAVAILABLE,DATA_UNAVAILABLE,现货报价需汾渭/Mysteel付费; 基差=现货价-JM0_close*1.33
2024-09-23,1230.5,DATA_UNAVAILABLE,DATA_UNAVAILABLE,现货报价需汾渭/Mysteel付费; 基差=现货价-JM0_close*1.33
2024-09-24,1303.0,DATA_UNAVAILABLE,DATA_UNAVAILABLE,现货报价需汾渭/Mysteel付费; 基差=现货价-JM0_close*1.33
2024-09-25,1327.0,DATA_UNAVAILABLE,DATA_UNAVAILABLE,现货报价需汾渭/Mysteel付费; 基差=现货价-JM0_close*1.33
2024-09-26,1362.0,DATA_UNAVAILABLE,DATA_UNAVAILABLE,现货报价需汾渭/Mysteel付费; 基差=现货价-JM0_close*1.33
2024-09-27,1402.0,DATA_UNAVAILABLE,DATA_UNAVAILABLE,现货报价需汾渭/Mysteel付费; 基差=现货价-JM0_close*1.33
2024-09-30,1546.0,DATA_UNAVAILABLE,DATA_UNAVAILABLE,现货报价需汾渭/Mysteel付费; 基差=现货价-JM0_close*1.33
2024-10-08,1481.5,DATA_UNAVAILABLE,DATA_UNAVAILABLE,现货报价需汾渭/Mysteel付费; 基差=现货价-JM0_close*1.33
2024-10-09,1465.5,DATA_UNAVAILABLE,DATA_UNAVAILABLE,现货报价需汾渭/Mysteel付费; 基差=现货价-JM0_close*1.33
2024-10-10,1436.5,DATA_UNAVAILABLE,DATA_UNAVAILABLE,现货报价需汾渭/Mysteel付费; 基差=现货价-JM0_close*1.33
2024-10-11,1484.0,DATA_UNAVAILABLE,DATA_UNAVAILABLE,现货报价需汾渭/Mysteel付费; 基差=现货价-JM0_close*1.33
2024-10-14,1498.5,DATA_UNAVAILABLE,DATA_UNAVAILABLE,现货报价需汾渭/Mysteel付费; 基差=现货价-JM0_close*1.33
2024-10-15,1471.0,DATA_UNAVAILABLE,DATA_UNAVAILABLE,现货报价需汾渭/Mysteel付费; 基差=现货价-JM0_close*1.33
2024-10-16,1432.0,DATA_UNAVAILABLE,DATA_UNAVAILABLE,现货报价需汾渭/Mysteel付费; 基差=现货价-JM0_close*1.33
2024-10-17,1340.0,DATA_UNAVAILABLE,DATA_UNAVAILABLE,现货报价需汾渭/Mysteel付费; 基差=现货价-JM0_close*1.33
2024-10-18,1351.0,DATA_UNAVAILABLE,DATA_UNAVAILABLE,现货报价需汾渭/Mysteel付费; 基差=现货价-JM0_close*1.33
2024-10-21,1365.0,DATA_UNAVAILABLE,DATA_UNAVAILABLE,现货报价需汾渭/Mysteel付费; 基差=现货价-JM0_close*1.33
2024-10-22,1340.5,DATA_UNAVAILABLE,DATA_UNAVAILABLE,现货报价需汾渭/Mysteel付费; 基差=现货价-JM0_close*1.33
2024-10-23,1328.5,DATA_UNAVAILABLE,DATA_UNAVAILABLE,现货报价需汾渭/Mysteel付费; 基差=现货价-JM0_close*1.33
2024-10-24,1337.0,DATA_UNAVAILABLE,DATA_UNAVAILABLE,现货报价需汾渭/Mysteel付费; 基差=现货价-JM0_close*1.33
2024-10-25,1355.0,DATA_UNAVAILABLE,DATA_UNAVAILABLE,现货报价需汾渭/Mysteel付费; 基差=现货价-JM0_close*1.33
2024-10-28,1409.5,DATA_UNAVAILABLE,DATA_UNAVAILABLE,现货报价需汾渭/Mysteel付费; 基差=现货价-JM0_close*1.33
2024-10-29,1366.0,DATA_UNAVAILABLE,DATA_UNAVAILABLE,现货报价需汾渭/Mysteel付费; 基差=现货价-JM0_close*1.33
2024-10-30,1377.5,DATA_UNAVAILABLE,DATA_UNAVAILABLE,现货报价需汾渭/Mysteel付费; 基差=现货价-JM0_close*1.33
2024-10-31,1362.0,DATA_UNAVAILABLE,DATA_UNAVAILABLE,现货报价需汾渭/Mysteel付费; 基差=现货价-JM0_close*1.33
2024-11-01,1337.0,DATA_UNAVAILABLE,DATA_UNAVAILABLE,现货报价需汾渭/Mysteel付费; 基差=现货价-JM0_close*1.33
2024-11-04,1366.0,DATA_UNAVAILABLE,DATA_UNAVAILABLE,现货报价需汾渭/Mysteel付费; 基差=现货价-JM0_close*1.33
2024-11-05,1358.0,DATA_UNAVAILABLE,DATA_UNAVAILABLE,现货报价需汾渭/Mysteel付费; 基差=现货价-JM0_close*1.33
2024-11-06,1317.5,DATA_UNAVAILABLE,DATA_UNAVAILABLE,现货报价需汾渭/Mysteel付费; 基差=现货价-JM0_close*1.33
2024-11-07,1340.0,DATA_UNAVAILABLE,DATA_UNAVAILABLE,现货报价需汾渭/Mysteel付费; 基差=现货价-JM0_close*1.33
2024-11-08,1322.5,DATA_UNAVAILABLE,DATA_UNAVAILABLE,现货报价需汾渭/Mysteel付费; 基差=现货价-JM0_close*1.33
2024-11-11,1300.5,DATA_UNAVAILABLE,DATA_UNAVAILABLE,现货报价需汾渭/Mysteel付费; 基差=现货价-JM0_close*1.33
2024-11-12,1280.0,DATA_UNAVAILABLE,DATA_UNAVAILABLE,现货报价需汾渭/Mysteel付费; 基差=现货价-JM0_close*1.33
2024-11-13,1286.5,DATA_UNAVAILABLE,DATA_UNAVAILABLE,现货报价需汾渭/Mysteel付费; 基差=现货价-JM0_close*1.33
2024-11-14,1269.0,DATA_UNAVAILABLE,DATA_UNAVAILABLE,现货报价需汾渭/Mysteel付费; 基差=现货价-JM0_close*1.33
2024-11-15,1261.0,DATA_UNAVAILABLE,DATA_UNAVAILABLE,现货报价需汾渭/Mysteel付费; 基差=现货价-JM0_close*1.33
2024-11-18,1276.5,DATA_UNAVAILABLE,DATA_UNAVAILABLE,现货报价需汾渭/Mysteel付费; 基差=现货价-JM0_close*1.33
2024-11-19,1293.0,DATA_UNAVAILABLE,DATA_UNAVAILABLE,现货报价需汾渭/Mysteel付费; 基差=现货价-JM0_close*1.33
2024-11-20,1282.5,DATA_UNAVAILABLE,DATA_UNAVAILABLE,现货报价需汾渭/Mysteel付费; 基差=现货价-JM0_close*1.33
2024-11-21,1316.5,DATA_UNAVAILABLE,DATA_UNAVAILABLE,现货报价需汾渭/Mysteel付费; 基差=现货价-JM0_close*1.33
2024-11-22,1284.0,DATA_UNAVAILABLE,DATA_UNAVAILABLE,现货报价需汾渭/Mysteel付费; 基差=现货价-JM0_close*1.33
2024-11-25,1273.0,DATA_UNAVAILABLE,DATA_UNAVAILABLE,现货报价需汾渭/Mysteel付费; 基差=现货价-JM0_close*1.33
2024-11-26,1273.0,DATA_UNAVAILABLE,DATA_UNAVAILABLE,现货报价需汾渭/Mysteel付费; 基差=现货价-JM0_close*1.33
2024-11-27,1258.0,DATA_UNAVAILABLE,DATA_UNAVAILABLE,现货报价需汾渭/Mysteel付费; 基差=现货价-JM0_close*1.33
2024-11-28,1242.0,DATA_UNAVAILABLE,DATA_UNAVAILABLE,现货报价需汾渭/Mysteel付费; 基差=现货价-JM0_close*1.33
2024-11-29,1245.5,DATA_UNAVAILABLE,DATA_UNAVAILABLE,现货报价需汾渭/Mysteel付费; 基差=现货价-JM0_close*1.33
2024-12-02,1233.5,DATA_UNAVAILABLE,DATA_UNAVAILABLE,现货报价需汾渭/Mysteel付费; 基差=现货价-JM0_close*1.33
2024-12-03,1227.0,DATA_UNAVAILABLE,DATA_UNAVAILABLE,现货报价需汾渭/Mysteel付费; 基差=现货价-JM0_close*1.33
2024-12-04,1195.0,DATA_UNAVAILABLE,DATA_UNAVAILABLE,现货报价需汾渭/Mysteel付费; 基差=现货价-JM0_close*1.33
2024-12-05,1170.5,DATA_UNAVAILABLE,DATA_UNAVAILABLE,现货报价需汾渭/Mysteel付费; 基差=现货价-JM0_close*1.33
2024-12-06,1171.0,DATA_UNAVAILABLE,DATA_UNAVAILABLE,现货报价需汾渭/Mysteel付费; 基差=现货价-JM0_close*1.33
2024-12-09,1149.5,DATA_UNAVAILABLE,DATA_UNAVAILABLE,现货报价需汾渭/Mysteel付费; 基差=现货价-JM0_close*1.33
2024-12-10,1160.0,DATA_UNAVAILABLE,DATA_UNAVAILABLE,现货报价需汾渭/Mysteel付费; 基差=现货价-JM0_close*1.33
2024-12-11,1182.0,DATA_UNAVAILABLE,DATA_UNAVAILABLE,现货报价需汾渭/Mysteel付费; 基差=现货价-JM0_close*1.33
2024-12-12,1195.0,DATA_UNAVAILABLE,DATA_UNAVAILABLE,现货报价需汾渭/Mysteel付费; 基差=现货价-JM0_close*1.33
2024-12-13,1159.0,DATA_UNAVAILABLE,DATA_UNAVAILABLE,现货报价需汾渭/Mysteel付费; 基差=现货价-JM0_close*1.33
2024-12-16,1136.0,DATA_UNAVAILABLE,DATA_UNAVAILABLE,现货报价需汾渭/Mysteel付费; 基差=现货价-JM0_close*1.33
2024-12-17,1147.0,DATA_UNAVAILABLE,DATA_UNAVAILABLE,现货报价需汾渭/Mysteel付费; 基差=现货价-JM0_close*1.33
2024-12-18,1174.0,DATA_UNAVAILABLE,DATA_UNAVAILABLE,现货报价需汾渭/Mysteel付费; 基差=现货价-JM0_close*1.33
2024-12-19,1147.5,DATA_UNAVAILABLE,DATA_UNAVAILABLE,现货报价需汾渭/Mysteel付费; 基差=现货价-JM0_close*1.33
2024-12-20,1160.5,DATA_UNAVAILABLE,DATA_UNAVAILABLE,现货报价需汾渭/Mysteel付费; 基差=现货价-JM0_close*1.33
2024-12-23,1155.5,DATA_UNAVAILABLE,DATA_UNAVAILABLE,现货报价需汾渭/Mysteel付费; 基差=现货价-JM0_close*1.33
2024-12-24,1153.0,DATA_UNAVAILABLE,DATA_UNAVAILABLE,现货报价需汾渭/Mysteel付费; 基差=现货价-JM0_close*1.33
2024-12-25,1153.0,DATA_UNAVAILABLE,DATA_UNAVAILABLE,现货报价需汾渭/Mysteel付费; 基差=现货价-JM0_close*1.33
2024-12-26,1141.0,DATA_UNAVAILABLE,DATA_UNAVAILABLE,现货报价需汾渭/Mysteel付费; 基差=现货价-JM0_close*1.33
2024-12-27,1140.0,DATA_UNAVAILABLE,DATA_UNAVAILABLE,现货报价需汾渭/Mysteel付费; 基差=现货价-JM0_close*1.33
2024-12-30,1157.5,DATA_UNAVAILABLE,DATA_UNAVAILABLE,现货报价需汾渭/Mysteel付费; 基差=现货价-JM0_close*1.33
2024-12-31,1160.5,DATA_UNAVAILABLE,DATA_UNAVAILABLE,现货报价需汾渭/Mysteel付费; 基差=现货价-JM0_close*1.33
2025-01-02,1174.0,DATA_UNAVAILABLE,DATA_UNAVAILABLE,现货报价需汾渭/Mysteel付费; 基差=现货价-JM0_close*1.33
2025-01-03,1148.5,DATA_UNAVAILABLE,DATA_UNAVAILABLE,现货报价需汾渭/Mysteel付费; 基差=现货价-JM0_close*1.33
2025-01-06,1156.0,DATA_UNAVAILABLE,DATA_UNAVAILABLE,现货报价需汾渭/Mysteel付费; 基差=现货价-JM0_close*1.33
2025-01-07,1128.0,DATA_UNAVAILABLE,DATA_UNAVAILABLE,现货报价需汾渭/Mysteel付费; 基差=现货价-JM0_close*1.33
2025-01-08,1103.0,DATA_UNAVAILABLE,DATA_UNAVAILABLE,现货报价需汾渭/Mysteel付费; 基差=现货价-JM0_close*1.33
2025-01-09,1097.0,DATA_UNAVAILABLE,DATA_UNAVAILABLE,现货报价需汾渭/Mysteel付费; 基差=现货价-JM0_close*1.33
2025-01-10,1083.5,DATA_UNAVAILABLE,DATA_UNAVAILABLE,现货报价需汾渭/Mysteel付费; 基差=现货价-JM0_close*1.33
2025-01-13,1119.5,DATA_UNAVAILABLE,DATA_UNAVAILABLE,现货报价需汾渭/Mysteel付费; 基差=现货价-JM0_close*1.33
2025-01-14,1129.5,DATA_UNAVAILABLE,DATA_UNAVAILABLE,现货报价需汾渭/Mysteel付费; 基差=现货价-JM0_close*1.33
2025-01-15,1127.0,DATA_UNAVAILABLE,DATA_UNAVAILABLE,现货报价需汾渭/Mysteel付费; 基差=现货价-JM0_close*1.33
2025-01-16,1164.5,DATA_UNAVAILABLE,DATA_UNAVAILABLE,现货报价需汾渭/Mysteel付费; 基差=现货价-JM0_close*1.33
2025-01-17,1175.5,DATA_UNAVAILABLE,DATA_UNAVAILABLE,现货报价需汾渭/Mysteel付费; 基差=现货价-JM0_close*1.33
2025-01-20,1139.0,DATA_UNAVAILABLE,DATA_UNAVAILABLE,现货报价需汾渭/Mysteel付费; 基差=现货价-JM0_close*1.33
2025-01-21,1153.5,DATA_UNAVAILABLE,DATA_UNAVAILABLE,现货报价需汾渭/Mysteel付费; 基差=现货价-JM0_close*1.33
2025-01-22,1143.5,DATA_UNAVAILABLE,DATA_UNAVAILABLE,现货报价需汾渭/Mysteel付费; 基差=现货价-JM0_close*1.33
2025-01-23,1132.5,DATA_UNAVAILABLE,DATA_UNAVAILABLE,现货报价需汾渭/Mysteel付费; 基差=现货价-JM0_close*1.33
2025-01-24,1131.0,DATA_UNAVAILABLE,DATA_UNAVAILABLE,现货报价需汾渭/Mysteel付费; 基差=现货价-JM0_close*1.33
2025-01-27,1135.0,DATA_UNAVAILABLE,DATA_UNAVAILABLE,现货报价需汾渭/Mysteel付费; 基差=现货价-JM0_close*1.33
2025-02-05,1098.5,DATA_UNAVAILABLE,DATA_UNAVAILABLE,现货报价需汾渭/Mysteel付费; 基差=现货价-JM0_close*1.33
2025-02-06,1126.5,DATA_UNAVAILABLE,DATA_UNAVAILABLE,现货报价需汾渭/Mysteel付费; 基差=现货价-JM0_close*1.33
2025-02-07,1153.5,DATA_UNAVAILABLE,DATA_UNAVAILABLE,现货报价需汾渭/Mysteel付费; 基差=现货价-JM0_close*1.33
2025-02-10,1147.0,DATA_UNAVAILABLE,DATA_UNAVAILABLE,现货报价需汾渭/Mysteel付费; 基差=现货价-JM0_close*1.33
2025-02-11,1122.0,DATA_UNAVAILABLE,DATA_UNAVAILABLE,现货报价需汾渭/Mysteel付费; 基差=现货价-JM0_close*1.33
2025-02-12,1127.5,DATA_UNAVAILABLE,DATA_UNAVAILABLE,现货报价需汾渭/Mysteel付费; 基差=现货价-JM0_close*1.33
2025-02-13,1098.5,DATA_UNAVAILABLE,DATA_UNAVAILABLE,现货报价需汾渭/Mysteel付费; 基差=现货价-JM0_close*1.33
2025-02-14,1085.0,DATA_UNAVAILABLE,DATA_UNAVAILABLE,现货报价需汾渭/Mysteel付费; 基差=现货价-JM0_close*1.33
2025-02-17,1089.0,DATA_UNAVAILABLE,DATA_UNAVAILABLE,现货报价需汾渭/Mysteel付费; 基差=现货价-JM0_close*1.33
2025-02-18,1094.5,DATA_UNAVAILABLE,DATA_UNAVAILABLE,现货报价需汾渭/Mysteel付费; 基差=现货价-JM0_close*1.33
2025-02-19,1086.0,DATA_UNAVAILABLE,DATA_UNAVAILABLE,现货报价需汾渭/Mysteel付费; 基差=现货价-JM0_close*1.33
2025-02-20,1121.0,DATA_UNAVAILABLE,DATA_UNAVAILABLE,现货报价需汾渭/Mysteel付费; 基差=现货价-JM0_close*1.33
2025-02-21,1130.0,DATA_UNAVAILABLE,DATA_UNAVAILABLE,现货报价需汾渭/Mysteel付费; 基差=现货价-JM0_close*1.33
2025-02-24,1108.0,DATA_UNAVAILABLE,DATA_UNAVAILABLE,现货报价需汾渭/Mysteel付费; 基差=现货价-JM0_close*1.33
2025-02-25,1085.0,DATA_UNAVAILABLE,DATA_UNAVAILABLE,现货报价需汾渭/Mysteel付费; 基差=现货价-JM0_close*1.33
2025-02-26,1088.0,DATA_UNAVAILABLE,DATA_UNAVAILABLE,现货报价需汾渭/Mysteel付费; 基差=现货价-JM0_close*1.33
2025-02-27,1097.5,DATA_UNAVAILABLE,DATA_UNAVAILABLE,现货报价需汾渭/Mysteel付费; 基差=现货价-JM0_close*1.33
2025-02-28,1093.0,DATA_UNAVAILABLE,DATA_UNAVAILABLE,现货报价需汾渭/Mysteel付费; 基差=现货价-JM0_close*1.33
2025-03-03,1104.0,DATA_UNAVAILABLE,DATA_UNAVAILABLE,现货报价需汾渭/Mysteel付费; 基差=现货价-JM0_close*1.33
2025-03-04,1091.0,DATA_UNAVAILABLE,DATA_UNAVAILABLE,现货报价需汾渭/Mysteel付费; 基差=现货价-JM0_close*1.33
2025-03-05,1061.5,DATA_UNAVAILABLE,DATA_UNAVAILABLE,现货报价需汾渭/Mysteel付费; 基差=现货价-JM0_close*1.33
2025-03-06,1070.0,DATA_UNAVAILABLE,DATA_UNAVAILABLE,现货报价需汾渭/Mysteel付费; 基差=现货价-JM0_close*1.33
2025-03-07,1083.0,DATA_UNAVAILABLE,DATA_UNAVAILABLE,现货报价需汾渭/Mysteel付费; 基差=现货价-JM0_close*1.33
2025-03-10,1063.5,DATA_UNAVAILABLE,DATA_UNAVAILABLE,现货报价需汾渭/Mysteel付费; 基差=现货价-JM0_close*1.33
2025-03-11,1061.0,DATA_UNAVAILABLE,DATA_UNAVAILABLE,现货报价需汾渭/Mysteel付费; 基差=现货价-JM0_close*1.33
2025-03-12,1073.0,DATA_UNAVAILABLE,DATA_UNAVAILABLE,现货报价需汾渭/Mysteel付费; 基差=现货价-JM0_close*1.33
2025-03-13,1092.0,DATA_UNAVAILABLE,DATA_UNAVAILABLE,现货报价需汾渭/Mysteel付费; 基差=现货价-JM0_close*1.33
2025-03-14,1088.0,DATA_UNAVAILABLE,DATA_UNAVAILABLE,现货报价需汾渭/Mysteel付费; 基差=现货价-JM0_close*1.33
2025-03-17,1061.5,DATA_UNAVAILABLE,DATA_UNAVAILABLE,现货报价需汾渭/Mysteel付费; 基差=现货价-JM0_close*1.33
2025-03-18,1048.5,DATA_UNAVAILABLE,DATA_UNAVAILABLE,现货报价需汾渭/Mysteel付费; 基差=现货价-JM0_close*1.33
2025-03-19,1026.0,DATA_UNAVAILABLE,DATA_UNAVAILABLE,现货报价需汾渭/Mysteel付费; 基差=现货价-JM0_close*1.33
2025-03-20,1031.0,DATA_UNAVAILABLE,DATA_UNAVAILABLE,现货报价需汾渭/Mysteel付费; 基差=现货价-JM0_close*1.33
2025-03-21,1010.0,DATA_UNAVAILABLE,DATA_UNAVAILABLE,现货报价需汾渭/Mysteel付费; 基差=现货价-JM0_close*1.33
2025-03-24,1030.0,DATA_UNAVAILABLE,DATA_UNAVAILABLE,现货报价需汾渭/Mysteel付费; 基差=现货价-JM0_close*1.33
2025-03-25,1027.0,DATA_UNAVAILABLE,DATA_UNAVAILABLE,现货报价需汾渭/Mysteel付费; 基差=现货价-JM0_close*1.33
2025-03-26,1025.5,DATA_UNAVAILABLE,DATA_UNAVAILABLE,现货报价需汾渭/Mysteel付费; 基差=现货价-JM0_close*1.33
2025-03-27,1035.0,DATA_UNAVAILABLE,DATA_UNAVAILABLE,现货报价需汾渭/Mysteel付费; 基差=现货价-JM0_close*1.33
2025-03-28,1024.0,DATA_UNAVAILABLE,DATA_UNAVAILABLE,现货报价需汾渭/Mysteel付费; 基差=现货价-JM0_close*1.33
2025-03-31,988.5,DATA_UNAVAILABLE,DATA_UNAVAILABLE,现货报价需汾渭/Mysteel付费; 基差=现货价-JM0_close*1.33
2025-04-01,1008.0,DATA_UNAVAILABLE,DATA_UNAVAILABLE,现货报价需汾渭/Mysteel付费; 基差=现货价-JM0_close*1.33
2025-04-02,1001.5,DATA_UNAVAILABLE,DATA_UNAVAILABLE,现货报价需汾渭/Mysteel付费; 基差=现货价-JM0_close*1.33
2025-04-03,1001.0,DATA_UNAVAILABLE,DATA_UNAVAILABLE,现货报价需汾渭/Mysteel付费; 基差=现货价-JM0_close*1.33
2025-04-07,977.0,DATA_UNAVAILABLE,DATA_UNAVAILABLE,现货报价需汾渭/Mysteel付费; 基差=现货价-JM0_close*1.33
2025-04-08,926.0,DATA_UNAVAILABLE,DATA_UNAVAILABLE,现货报价需汾渭/Mysteel付费; 基差=现货价-JM0_close*1.33
2025-04-09,917.0,DATA_UNAVAILABLE,DATA_UNAVAILABLE,现货报价需汾渭/Mysteel付费; 基差=现货价-JM0_close*1.33
2025-04-10,913.0,DATA_UNAVAILABLE,DATA_UNAVAILABLE,现货报价需汾渭/Mysteel付费; 基差=现货价-JM0_close*1.33
2025-04-11,892.5,DATA_UNAVAILABLE,DATA_UNAVAILABLE,现货报价需汾渭/Mysteel付费; 基差=现货价-JM0_close*1.33
2025-04-14,996.0,DATA_UNAVAILABLE,DATA_UNAVAILABLE,现货报价需汾渭/Mysteel付费; 基差=现货价-JM0_close*1.33
2025-04-15,985.5,DATA_UNAVAILABLE,DATA_UNAVAILABLE,现货报价需汾渭/Mysteel付费; 基差=现货价-JM0_close*1.33
2025-04-16,966.0,DATA_UNAVAILABLE,DATA_UNAVAILABLE,现货报价需汾渭/Mysteel付费; 基差=现货价-JM0_close*1.33
2025-04-17,950.5,DATA_UNAVAILABLE,DATA_UNAVAILABLE,现货报价需汾渭/Mysteel付费; 基差=现货价-JM0_close*1.33
2025-04-18,952.5,DATA_UNAVAILABLE,DATA_UNAVAILABLE,现货报价需汾渭/Mysteel付费; 基差=现货价-JM0_close*1.33
2025-04-21,956.5,DATA_UNAVAILABLE,DATA_UNAVAILABLE,现货报价需汾渭/Mysteel付费; 基差=现货价-JM0_close*1.33
2025-04-22,928.5,DATA_UNAVAILABLE,DATA_UNAVAILABLE,现货报价需汾渭/Mysteel付费; 基差=现货价-JM0_close*1.33
2025-04-23,962.5,DATA_UNAVAILABLE,DATA_UNAVAILABLE,现货报价需汾渭/Mysteel付费; 基差=现货价-JM0_close*1.33
2025-04-24,956.0,DATA_UNAVAILABLE,DATA_UNAVAILABLE,现货报价需汾渭/Mysteel付费; 基差=现货价-JM0_close*1.33
2025-04-25,956.0,DATA_UNAVAILABLE,DATA_UNAVAILABLE,现货报价需汾渭/Mysteel付费; 基差=现货价-JM0_close*1.33
2025-04-28,947.0,DATA_UNAVAILABLE,DATA_UNAVAILABLE,现货报价需汾渭/Mysteel付费; 基差=现货价-JM0_close*1.33
2025-04-29,932.0,DATA_UNAVAILABLE,DATA_UNAVAILABLE,现货报价需汾渭/Mysteel付费; 基差=现货价-JM0_close*1.33
2025-04-30,930.5,DATA_UNAVAILABLE,DATA_UNAVAILABLE,现货报价需汾渭/Mysteel付费; 基差=现货价-JM0_close*1.33
2025-05-06,911.5,DATA_UNAVAILABLE,DATA_UNAVAILABLE,现货报价需汾渭/Mysteel付费; 基差=现货价-JM0_close*1.33
2025-05-07,908.0,DATA_UNAVAILABLE,DATA_UNAVAILABLE,现货报价需汾渭/Mysteel付费; 基差=现货价-JM0_close*1.33
2025-05-08,894.0,DATA_UNAVAILABLE,DATA_UNAVAILABLE,现货报价需汾渭/Mysteel付费; 基差=现货价-JM0_close*1.33
2025-05-09,877.5,DATA_UNAVAILABLE,DATA_UNAVAILABLE,现货报价需汾渭/Mysteel付费; 基差=现货价-JM0_close*1.33
2025-05-12,889.5,DATA_UNAVAILABLE,DATA_UNAVAILABLE,现货报价需汾渭/Mysteel付费; 基差=现货价-JM0_close*1.33
2025-05-13,870.5,DATA_UNAVAILABLE,DATA_UNAVAILABLE,现货报价需汾渭/Mysteel付费; 基差=现货价-JM0_close*1.33
2025-05-14,894.5,DATA_UNAVAILABLE,DATA_UNAVAILABLE,现货报价需汾渭/Mysteel付费; 基差=现货价-JM0_close*1.33
2025-05-15,883.0,DATA_UNAVAILABLE,DATA_UNAVAILABLE,现货报价需汾渭/Mysteel付费; 基差=现货价-JM0_close*1.33
2025-05-16,852.5,DATA_UNAVAILABLE,DATA_UNAVAILABLE,现货报价需汾渭/Mysteel付费; 基差=现货价-JM0_close*1.33
2025-05-19,845.0,DATA_UNAVAILABLE,DATA_UNAVAILABLE,现货报价需汾渭/Mysteel付费; 基差=现货价-JM0_close*1.33
2025-05-20,838.5,DATA_UNAVAILABLE,DATA_UNAVAILABLE,现货报价需汾渭/Mysteel付费; 基差=现货价-JM0_close*1.33
2025-05-21,842.0,DATA_UNAVAILABLE,DATA_UNAVAILABLE,现货报价需汾渭/Mysteel付费; 基差=现货价-JM0_close*1.33
2025-05-22,827.5,DATA_UNAVAILABLE,DATA_UNAVAILABLE,现货报价需汾渭/Mysteel付费; 基差=现货价-JM0_close*1.33
2025-05-23,801.5,DATA_UNAVAILABLE,DATA_UNAVAILABLE,现货报价需汾渭/Mysteel付费; 基差=现货价-JM0_close*1.33
2025-05-26,799.5,DATA_UNAVAILABLE,DATA_UNAVAILABLE,现货报价需汾渭/Mysteel付费; 基差=现货价-JM0_close*1.33
2025-05-27,799.5,DATA_UNAVAILABLE,DATA_UNAVAILABLE,现货报价需汾渭/Mysteel付费; 基差=现货价-JM0_close*1.33
2025-05-28,779.0,DATA_UNAVAILABLE,DATA_UNAVAILABLE,现货报价需汾渭/Mysteel付费; 基差=现货价-JM0_close*1.33
2025-05-29,759.0,DATA_UNAVAILABLE,DATA_UNAVAILABLE,现货报价需汾渭/Mysteel付费; 基差=现货价-JM0_close*1.33
2025-05-30,726.0,DATA_UNAVAILABLE,DATA_UNAVAILABLE,现货报价需汾渭/Mysteel付费; 基差=现货价-JM0_close*1.33
2025-06-03,719.0,DATA_UNAVAILABLE,DATA_UNAVAILABLE,现货报价需汾渭/Mysteel付费; 基差=现货价-JM0_close*1.33
2025-06-04,768.0,DATA_UNAVAILABLE,DATA_UNAVAILABLE,现货报价需汾渭/Mysteel付费; 基差=现货价-JM0_close*1.33
2025-06-05,757.0,DATA_UNAVAILABLE,DATA_UNAVAILABLE,现货报价需汾渭/Mysteel付费; 基差=现货价-JM0_close*1.33
2025-06-06,778.5,DATA_UNAVAILABLE,DATA_UNAVAILABLE,现货报价需汾渭/Mysteel付费; 基差=现货价-JM0_close*1.33
2025-06-09,780.0,DATA_UNAVAILABLE,DATA_UNAVAILABLE,现货报价需汾渭/Mysteel付费; 基差=现货价-JM0_close*1.33
2025-06-10,785.0,DATA_UNAVAILABLE,DATA_UNAVAILABLE,现货报价需汾渭/Mysteel付费; 基差=现货价-JM0_close*1.33
2025-06-11,783.5,DATA_UNAVAILABLE,DATA_UNAVAILABLE,现货报价需汾渭/Mysteel付费; 基差=现货价-JM0_close*1.33
2025-06-12,766.5,DATA_UNAVAILABLE,DATA_UNAVAILABLE,现货报价需汾渭/Mysteel付费; 基差=现货价-JM0_close*1.33
2025-06-13,774.5,DATA_UNAVAILABLE,DATA_UNAVAILABLE,现货报价需汾渭/Mysteel付费; 基差=现货价-JM0_close*1.33
2025-06-16,795.5,DATA_UNAVAILABLE,DATA_UNAVAILABLE,现货报价需汾渭/Mysteel付费; 基差=现货价-JM0_close*1.33
2025-06-17,789.5,DATA_UNAVAILABLE,DATA_UNAVAILABLE,现货报价需汾渭/Mysteel付费; 基差=现货价-JM0_close*1.33
2025-06-18,790.5,DATA_UNAVAILABLE,DATA_UNAVAILABLE,现货报价需汾渭/Mysteel付费; 基差=现货价-JM0_close*1.33
2025-06-19,790.5,DATA_UNAVAILABLE,DATA_UNAVAILABLE,现货报价需汾渭/Mysteel付费; 基差=现货价-JM0_close*1.33
2025-06-20,795.0,DATA_UNAVAILABLE,DATA_UNAVAILABLE,现货报价需汾渭/Mysteel付费; 基差=现货价-JM0_close*1.33
2025-06-23,807.0,DATA_UNAVAILABLE,DATA_UNAVAILABLE,现货报价需汾渭/Mysteel付费; 基差=现货价-JM0_close*1.33
2025-06-24,784.0,DATA_UNAVAILABLE,DATA_UNAVAILABLE,现货报价需汾渭/Mysteel付费; 基差=现货价-JM0_close*1.33
2025-06-25,804.5,DATA_UNAVAILABLE,DATA_UNAVAILABLE,现货报价需汾渭/Mysteel付费; 基差=现货价-JM0_close*1.33
2025-06-26,819.5,DATA_UNAVAILABLE,DATA_UNAVAILABLE,现货报价需汾渭/Mysteel付费; 基差=现货价-JM0_close*1.33
2025-06-27,847.5,DATA_UNAVAILABLE,DATA_UNAVAILABLE,现货报价需汾渭/Mysteel付费; 基差=现货价-JM0_close*1.33
2025-06-30,825.0,DATA_UNAVAILABLE,DATA_UNAVAILABLE,现货报价需汾渭/Mysteel付费; 基差=现货价-JM0_close*1.33
2025-07-01,814.5,DATA_UNAVAILABLE,DATA_UNAVAILABLE,现货报价需汾渭/Mysteel付费; 基差=现货价-JM0_close*1.33
2025-07-02,843.5,DATA_UNAVAILABLE,DATA_UNAVAILABLE,现货报价需汾渭/Mysteel付费; 基差=现货价-JM0_close*1.33
2025-07-03,856.0,DATA_UNAVAILABLE,DATA_UNAVAILABLE,现货报价需汾渭/Mysteel付费; 基差=现货价-JM0_close*1.33
2025-07-04,839.5,DATA_UNAVAILABLE,DATA_UNAVAILABLE,现货报价需汾渭/Mysteel付费; 基差=现货价-JM0_close*1.33
2025-07-07,835.0,DATA_UNAVAILABLE,DATA_UNAVAILABLE,现货报价需汾渭/Mysteel付费; 基差=现货价-JM0_close*1.33
2025-07-08,843.5,DATA_UNAVAILABLE,DATA_UNAVAILABLE,现货报价需汾渭/Mysteel付费; 基差=现货价-JM0_close*1.33
2025-07-09,871.5,DATA_UNAVAILABLE,DATA_UNAVAILABLE,现货报价需汾渭/Mysteel付费; 基差=现货价-JM0_close*1.33
2025-07-10,897.0,DATA_UNAVAILABLE,DATA_UNAVAILABLE,现货报价需汾渭/Mysteel付费; 基差=现货价-JM0_close*1.33
2025-07-11,913.0,DATA_UNAVAILABLE,DATA_UNAVAILABLE,现货报价需汾渭/Mysteel付费; 基差=现货价-JM0_close*1.33
2025-07-14,920.0,DATA_UNAVAILABLE,DATA_UNAVAILABLE,现货报价需汾渭/Mysteel付费; 基差=现货价-JM0_close*1.33
2025-07-15,911.5,DATA_UNAVAILABLE,DATA_UNAVAILABLE,现货报价需汾渭/Mysteel付费; 基差=现货价-JM0_close*1.33
2025-07-16,897.0,DATA_UNAVAILABLE,DATA_UNAVAILABLE,现货报价需汾渭/Mysteel付费; 基差=现货价-JM0_close*1.33
2025-07-17,918.5,DATA_UNAVAILABLE,DATA_UNAVAILABLE,现货报价需汾渭/Mysteel付费; 基差=现货价-JM0_close*1.33
2025-07-18,926.0,DATA_UNAVAILABLE,DATA_UNAVAILABLE,现货报价需汾渭/Mysteel付费; 基差=现货价-JM0_close*1.33
2025-07-21,1006.0,DATA_UNAVAILABLE,DATA_UNAVAILABLE,现货报价需汾渭/Mysteel付费; 基差=现货价-JM0_close*1.33
2025-07-22,1048.5,DATA_UNAVAILABLE,DATA_UNAVAILABLE,现货报价需汾渭/Mysteel付费; 基差=现货价-JM0_close*1.33
2025-07-23,1135.5,DATA_UNAVAILABLE,DATA_UNAVAILABLE,现货报价需汾渭/Mysteel付费; 基差=现货价-JM0_close*1.33
2025-07-24,1198.5,DATA_UNAVAILABLE,DATA_UNAVAILABLE,现货报价需汾渭/Mysteel付费; 基差=现货价-JM0_close*1.33
2025-07-25,1259.0,DATA_UNAVAILABLE,DATA_UNAVAILABLE,现货报价需汾渭/Mysteel付费; 基差=现货价-JM0_close*1.33
2025-07-28,1100.5,DATA_UNAVAILABLE,DATA_UNAVAILABLE,现货报价需汾渭/Mysteel付费; 基差=现货价-JM0_close*1.33
2025-07-29,1120.5,DATA_UNAVAILABLE,DATA_UNAVAILABLE,现货报价需汾渭/Mysteel付费; 基差=现货价-JM0_close*1.33
2025-07-30,1232.5,DATA_UNAVAILABLE,DATA_UNAVAILABLE,现货报价需汾渭/Mysteel付费; 基差=现货价-JM0_close*1.33
2025-07-31,1135.0,DATA_UNAVAILABLE,DATA_UNAVAILABLE,现货报价需汾渭/Mysteel付费; 基差=现货价-JM0_close*1.33
2025-08-01,1092.5,DATA_UNAVAILABLE,DATA_UNAVAILABLE,现货报价需汾渭/Mysteel付费; 基差=现货价-JM0_close*1.33
2025-08-04,1141.0,DATA_UNAVAILABLE,DATA_UNAVAILABLE,现货报价需汾渭/Mysteel付费; 基差=现货价-JM0_close*1.33
2025-08-05,1182.0,DATA_UNAVAILABLE,DATA_UNAVAILABLE,现货报价需汾渭/Mysteel付费; 基差=现货价-JM0_close*1.33
2025-08-06,1221.0,DATA_UNAVAILABLE,DATA_UNAVAILABLE,现货报价需汾渭/Mysteel付费; 基差=现货价-JM0_close*1.33
2025-08-07,1229.5,DATA_UNAVAILABLE,DATA_UNAVAILABLE,现货报价需汾渭/Mysteel付费; 基差=现货价-JM0_close*1.33
2025-08-08,1227.0,DATA_UNAVAILABLE,DATA_UNAVAILABLE,现货报价需汾渭/Mysteel付费; 基差=现货价-JM0_close*1.33
2025-08-11,1256.0,DATA_UNAVAILABLE,DATA_UNAVAILABLE,现货报价需汾渭/Mysteel付费; 基差=现货价-JM0_close*1.33
2025-08-12,1313.0,DATA_UNAVAILABLE,DATA_UNAVAILABLE,现货报价需汾渭/Mysteel付费; 基差=现货价-JM0_close*1.33
2025-08-13,1245.0,DATA_UNAVAILABLE,DATA_UNAVAILABLE,现货报价需汾渭/Mysteel付费; 基差=现货价-JM0_close*1.33
2025-08-14,1214.0,DATA_UNAVAILABLE,DATA_UNAVAILABLE,现货报价需汾渭/Mysteel付费; 基差=现货价-JM0_close*1.33
2025-08-15,1230.0,DATA_UNAVAILABLE,DATA_UNAVAILABLE,现货报价需汾渭/Mysteel付费; 基差=现货价-JM0_close*1.33
2025-08-18,1187.5,DATA_UNAVAILABLE,DATA_UNAVAILABLE,现货报价需汾渭/Mysteel付费; 基差=现货价-JM0_close*1.33
2025-08-19,1194.5,DATA_UNAVAILABLE,DATA_UNAVAILABLE,现货报价需汾渭/Mysteel付费; 基差=现货价-JM0_close*1.33
2025-08-20,1162.5,DATA_UNAVAILABLE,DATA_UNAVAILABLE,现货报价需汾渭/Mysteel付费; 基差=现货价-JM0_close*1.33
2025-08-21,1147.0,DATA_UNAVAILABLE,DATA_UNAVAILABLE,现货报价需汾渭/Mysteel付费; 基差=现货价-JM0_close*1.33
2025-08-22,1162.0,DATA_UNAVAILABLE,DATA_UNAVAILABLE,现货报价需汾渭/Mysteel付费; 基差=现货价-JM0_close*1.33
2025-08-25,1215.5,DATA_UNAVAILABLE,DATA_UNAVAILABLE,现货报价需汾渭/Mysteel付费; 基差=现货价-JM0_close*1.33
2025-08-26,1160.5,DATA_UNAVAILABLE,DATA_UNAVAILABLE,现货报价需汾渭/Mysteel付费; 基差=现货价-JM0_close*1.33
2025-08-27,1154.0,DATA_UNAVAILABLE,DATA_UNAVAILABLE,现货报价需汾渭/Mysteel付费; 基差=现货价-JM0_close*1.33
2025-08-28,1175.0,DATA_UNAVAILABLE,DATA_UNAVAILABLE,现货报价需汾渭/Mysteel付费; 基差=现货价-JM0_close*1.33
2025-08-29,1151.0,DATA_UNAVAILABLE,DATA_UNAVAILABLE,现货报价需汾渭/Mysteel付费; 基差=现货价-JM0_close*1.33
2025-09-01,1118.5,DATA_UNAVAILABLE,DATA_UNAVAILABLE,现货报价需汾渭/Mysteel付费; 基差=现货价-JM0_close*1.33
2025-09-02,1112.5,DATA_UNAVAILABLE,DATA_UNAVAILABLE,现货报价需汾渭/Mysteel付费; 基差=现货价-JM0_close*1.33
2025-09-03,1106.0,DATA_UNAVAILABLE,DATA_UNAVAILABLE,现货报价需汾渭/Mysteel付费; 基差=现货价-JM0_close*1.33
2025-09-04,1094.5,DATA_UNAVAILABLE,DATA_UNAVAILABLE,现货报价需汾渭/Mysteel付费; 基差=现货价-JM0_close*1.33
2025-09-05,1158.5,DATA_UNAVAILABLE,DATA_UNAVAILABLE,现货报价需汾渭/Mysteel付费; 基差=现货价-JM0_close*1.33
2025-09-08,1143.5,DATA_UNAVAILABLE,DATA_UNAVAILABLE,现货报价需汾渭/Mysteel付费; 基差=现货价-JM0_close*1.33
2025-09-09,1123.5,DATA_UNAVAILABLE,DATA_UNAVAILABLE,现货报价需汾渭/Mysteel付费; 基差=现货价-JM0_close*1.33
2025-09-10,1117.0,DATA_UNAVAILABLE,DATA_UNAVAILABLE,现货报价需汾渭/Mysteel付费; 基差=现货价-JM0_close*1.33
2025-09-11,1141.5,DATA_UNAVAILABLE,DATA_UNAVAILABLE,现货报价需汾渭/Mysteel付费; 基差=现货价-JM0_close*1.33
2025-09-12,1144.5,DATA_UNAVAILABLE,DATA_UNAVAILABLE,现货报价需汾渭/Mysteel付费; 基差=现货价-JM0_close*1.33
2025-09-15,1187.5,DATA_UNAVAILABLE,DATA_UNAVAILABLE,现货报价需汾渭/Mysteel付费; 基差=现货价-JM0_close*1.33
2025-09-16,1240.5,DATA_UNAVAILABLE,DATA_UNAVAILABLE,现货报价需汾渭/Mysteel付费; 基差=现货价-JM0_close*1.33
2025-09-17,1233.0,DATA_UNAVAILABLE,DATA_UNAVAILABLE,现货报价需汾渭/Mysteel付费; 基差=现货价-JM0_close*1.33
2025-09-18,1203.5,DATA_UNAVAILABLE,DATA_UNAVAILABLE,现货报价需汾渭/Mysteel付费; 基差=现货价-JM0_close*1.33
2025-09-19,1232.0,DATA_UNAVAILABLE,DATA_UNAVAILABLE,现货报价需汾渭/Mysteel付费; 基差=现货价-JM0_close*1.33
2025-09-22,1217.5,DATA_UNAVAILABLE,DATA_UNAVAILABLE,现货报价需汾渭/Mysteel付费; 基差=现货价-JM0_close*1.33
2025-09-23,1217.5,DATA_UNAVAILABLE,DATA_UNAVAILABLE,现货报价需汾渭/Mysteel付费; 基差=现货价-JM0_close*1.33
2025-09-24,1224.5,DATA_UNAVAILABLE,DATA_UNAVAILABLE,现货报价需汾渭/Mysteel付费; 基差=现货价-JM0_close*1.33
2025-09-25,1234.5,DATA_UNAVAILABLE,DATA_UNAVAILABLE,现货报价需汾渭/Mysteel付费; 基差=现货价-JM0_close*1.33
2025-09-26,1196.5,DATA_UNAVAILABLE,DATA_UNAVAILABLE,现货报价需汾渭/Mysteel付费; 基差=现货价-JM0_close*1.33
2025-09-29,1154.0,DATA_UNAVAILABLE,DATA_UNAVAILABLE,现货报价需汾渭/Mysteel付费; 基差=现货价-JM0_close*1.33
2025-09-30,1126.0,DATA_UNAVAILABLE,DATA_UNAVAILABLE,现货报价需汾渭/Mysteel付费; 基差=现货价-JM0_close*1.33
2025-10-09,1164.0,DATA_UNAVAILABLE,DATA_UNAVAILABLE,现货报价需汾渭/Mysteel付费; 基差=现货价-JM0_close*1.33
2025-10-10,1161.0,DATA_UNAVAILABLE,DATA_UNAVAILABLE,现货报价需汾渭/Mysteel付费; 基差=现货价-JM0_close*1.33
2025-10-13,1146.0,DATA_UNAVAILABLE,DATA_UNAVAILABLE,现货报价需汾渭/Mysteel付费; 基差=现货价-JM0_close*1.33
2025-10-14,1153.5,DATA_UNAVAILABLE,DATA_UNAVAILABLE,现货报价需汾渭/Mysteel付费; 基差=现货价-JM0_close*1.33
2025-10-15,1151.0,DATA_UNAVAILABLE,DATA_UNAVAILABLE,现货报价需汾渭/Mysteel付费; 基差=现货价-JM0_close*1.33
2025-10-16,1185.5,DATA_UNAVAILABLE,DATA_UNAVAILABLE,现货报价需汾渭/Mysteel付费; 基差=现货价-JM0_close*1.33
2025-10-17,1179.0,DATA_UNAVAILABLE,DATA_UNAVAILABLE,现货报价需汾渭/Mysteel付费; 基差=现货价-JM0_close*1.33
2025-10-20,1216.0,DATA_UNAVAILABLE,DATA_UNAVAILABLE,现货报价需汾渭/Mysteel付费; 基差=现货价-JM0_close*1.33
2025-10-21,1177.0,DATA_UNAVAILABLE,DATA_UNAVAILABLE,现货报价需汾渭/Mysteel付费; 基差=现货价-JM0_close*1.33
2025-10-22,1209.5,DATA_UNAVAILABLE,DATA_UNAVAILABLE,现货报价需汾渭/Mysteel付费; 基差=现货价-JM0_close*1.33
2025-10-23,1258.5,DATA_UNAVAILABLE,DATA_UNAVAILABLE,现货报价需汾渭/Mysteel付费; 基差=现货价-JM0_close*1.33
2025-10-24,1248.5,DATA_UNAVAILABLE,DATA_UNAVAILABLE,现货报价需汾渭/Mysteel付费; 基差=现货价-JM0_close*1.33
2025-10-27,1263.5,DATA_UNAVAILABLE,DATA_UNAVAILABLE,现货报价需汾渭/Mysteel付费; 基差=现货价-JM0_close*1.33
2025-10-28,1242.0,DATA_UNAVAILABLE,DATA_UNAVAILABLE,现货报价需汾渭/Mysteel付费; 基差=现货价-JM0_close*1.33
2025-10-29,1302.0,DATA_UNAVAILABLE,DATA_UNAVAILABLE,现货报价需汾渭/Mysteel付费; 基差=现货价-JM0_close*1.33
2025-10-30,1288.0,DATA_UNAVAILABLE,DATA_UNAVAILABLE,现货报价需汾渭/Mysteel付费; 基差=现货价-JM0_close*1.33
2025-10-31,1286.0,DATA_UNAVAILABLE,DATA_UNAVAILABLE,现货报价需汾渭/Mysteel付费; 基差=现货价-JM0_close*1.33
2025-11-03,1284.5,DATA_UNAVAILABLE,DATA_UNAVAILABLE,现货报价需汾渭/Mysteel付费; 基差=现货价-JM0_close*1.33
2025-11-04,1253.0,DATA_UNAVAILABLE,DATA_UNAVAILABLE,现货报价需汾渭/Mysteel付费; 基差=现货价-JM0_close*1.33
2025-11-05,1268.5,DATA_UNAVAILABLE,DATA_UNAVAILABLE,现货报价需汾渭/Mysteel付费; 基差=现货价-JM0_close*1.33
2025-11-06,1290.5,DATA_UNAVAILABLE,DATA_UNAVAILABLE,现货报价需汾渭/Mysteel付费; 基差=现货价-JM0_close*1.33
2025-11-07,1270.0,DATA_UNAVAILABLE,DATA_UNAVAILABLE,现货报价需汾渭/Mysteel付费; 基差=现货价-JM0_close*1.33
2025-11-10,1265.5,DATA_UNAVAILABLE,DATA_UNAVAILABLE,现货报价需汾渭/Mysteel付费; 基差=现货价-JM0_close*1.33
2025-11-11,1213.0,DATA_UNAVAILABLE,DATA_UNAVAILABLE,现货报价需汾渭/Mysteel付费; 基差=现货价-JM0_close*1.33
2025-11-12,1219.0,DATA_UNAVAILABLE,DATA_UNAVAILABLE,现货报价需汾渭/Mysteel付费; 基差=现货价-JM0_close*1.33
2025-11-13,1214.0,DATA_UNAVAILABLE,DATA_UNAVAILABLE,现货报价需汾渭/Mysteel付费; 基差=现货价-JM0_close*1.33
2025-11-14,1192.0,DATA_UNAVAILABLE,DATA_UNAVAILABLE,现货报价需汾渭/Mysteel付费; 基差=现货价-JM0_close*1.33
2025-11-17,1210.0,DATA_UNAVAILABLE,DATA_UNAVAILABLE,现货报价需汾渭/Mysteel付费; 基差=现货价-JM0_close*1.33
2025-11-18,1159.0,DATA_UNAVAILABLE,DATA_UNAVAILABLE,现货报价需汾渭/Mysteel付费; 基差=现货价-JM0_close*1.33
2025-11-19,1139.5,DATA_UNAVAILABLE,DATA_UNAVAILABLE,现货报价需汾渭/Mysteel付费; 基差=现货价-JM0_close*1.33
2025-11-20,1113.5,DATA_UNAVAILABLE,DATA_UNAVAILABLE,现货报价需汾渭/Mysteel付费; 基差=现货价-JM0_close*1.33
2025-11-21,1103.0,DATA_UNAVAILABLE,DATA_UNAVAILABLE,现货报价需汾渭/Mysteel付费; 基差=现货价-JM0_close*1.33
2025-11-24,1096.5,DATA_UNAVAILABLE,DATA_UNAVAILABLE,现货报价需汾渭/Mysteel付费; 基差=现货价-JM0_close*1.33
2025-11-25,1086.0,DATA_UNAVAILABLE,DATA_UNAVAILABLE,现货报价需汾渭/Mysteel付费; 基差=现货价-JM0_close*1.33
2025-11-26,1084.5,DATA_UNAVAILABLE,DATA_UNAVAILABLE,现货报价需汾渭/Mysteel付费; 基差=现货价-JM0_close*1.33
2025-11-27,1071.0,DATA_UNAVAILABLE,DATA_UNAVAILABLE,现货报价需汾渭/Mysteel付费; 基差=现货价-JM0_close*1.33
2025-11-28,1067.0,DATA_UNAVAILABLE,DATA_UNAVAILABLE,现货报价需汾渭/Mysteel付费; 基差=现货价-JM0_close*1.33
2025-12-01,1093.0,DATA_UNAVAILABLE,DATA_UNAVAILABLE,现货报价需汾渭/Mysteel付费; 基差=现货价-JM0_close*1.33
2025-12-02,1096.5,DATA_UNAVAILABLE,DATA_UNAVAILABLE,现货报价需汾渭/Mysteel付费; 基差=现货价-JM0_close*1.33
2025-12-03,1070.5,DATA_UNAVAILABLE,DATA_UNAVAILABLE,现货报价需汾渭/Mysteel付费; 基差=现货价-JM0_close*1.33
2025-12-04,1091.5,DATA_UNAVAILABLE,DATA_UNAVAILABLE,现货报价需汾渭/Mysteel付费; 基差=现货价-JM0_close*1.33
2025-12-05,1140.0,DATA_UNAVAILABLE,DATA_UNAVAILABLE,现货报价需汾渭/Mysteel付费; 基差=现货价-JM0_close*1.33
2025-12-08,1093.5,DATA_UNAVAILABLE,DATA_UNAVAILABLE,现货报价需汾渭/Mysteel付费; 基差=现货价-JM0_close*1.33
2025-12-09,1082.5,DATA_UNAVAILABLE,DATA_UNAVAILABLE,现货报价需汾渭/Mysteel付费; 基差=现货价-JM0_close*1.33
2025-12-10,1070.0,DATA_UNAVAILABLE,DATA_UNAVAILABLE,现货报价需汾渭/Mysteel付费; 基差=现货价-JM0_close*1.33
2025-12-11,1035.0,DATA_UNAVAILABLE,DATA_UNAVAILABLE,现货报价需汾渭/Mysteel付费; 基差=现货价-JM0_close*1.33
2025-12-12,1016.5,DATA_UNAVAILABLE,DATA_UNAVAILABLE,现货报价需汾渭/Mysteel付费; 基差=现货价-JM0_close*1.33
2025-12-15,1061.0,DATA_UNAVAILABLE,DATA_UNAVAILABLE,现货报价需汾渭/Mysteel付费; 基差=现货价-JM0_close*1.33
2025-12-16,1067.5,DATA_UNAVAILABLE,DATA_UNAVAILABLE,现货报价需汾渭/Mysteel付费; 基差=现货价-JM0_close*1.33
2025-12-17,1062.0,DATA_UNAVAILABLE,DATA_UNAVAILABLE,现货报价需汾渭/Mysteel付费; 基差=现货价-JM0_close*1.33
2025-12-18,1126.5,DATA_UNAVAILABLE,DATA_UNAVAILABLE,现货报价需汾渭/Mysteel付费; 基差=现货价-JM0_close*1.33
2025-12-19,1108.0,DATA_UNAVAILABLE,DATA_UNAVAILABLE,现货报价需汾渭/Mysteel付费; 基差=现货价-JM0_close*1.33
2025-12-22,1114.0,DATA_UNAVAILABLE,DATA_UNAVAILABLE,现货报价需汾渭/Mysteel付费; 基差=现货价-JM0_close*1.33
2025-12-23,1125.5,DATA_UNAVAILABLE,DATA_UNAVAILABLE,现货报价需汾渭/Mysteel付费; 基差=现货价-JM0_close*1.33
2025-12-24,1132.0,DATA_UNAVAILABLE,DATA_UNAVAILABLE,现货报价需汾渭/Mysteel付费; 基差=现货价-JM0_close*1.33
2025-12-25,1124.0,DATA_UNAVAILABLE,DATA_UNAVAILABLE,现货报价需汾渭/Mysteel付费; 基差=现货价-JM0_close*1.33
2025-12-26,1115.5,DATA_UNAVAILABLE,DATA_UNAVAILABLE,现货报价需汾渭/Mysteel付费; 基差=现货价-JM0_close*1.33
2025-12-29,1088.0,DATA_UNAVAILABLE,DATA_UNAVAILABLE,现货报价需汾渭/Mysteel付费; 基差=现货价-JM0_close*1.33
2025-12-30,1119.5,DATA_UNAVAILABLE,DATA_UNAVAILABLE,现货报价需汾渭/Mysteel付费; 基差=现货价-JM0_close*1.33
2025-12-31,1115.0,DATA_UNAVAILABLE,DATA_UNAVAILABLE,现货报价需汾渭/Mysteel付费; 基差=现货价-JM0_close*1.33
2026-01-05,1080.5,DATA_UNAVAILABLE,DATA_UNAVAILABLE,现货报价需汾渭/Mysteel付费; 基差=现货价-JM0_close*1.33
2026-01-06,1096.0,DATA_UNAVAILABLE,DATA_UNAVAILABLE,现货报价需汾渭/Mysteel付费; 基差=现货价-JM0_close*1.33
2026-01-07,1164.0,DATA_UNAVAILABLE,DATA_UNAVAILABLE,现货报价需汾渭/Mysteel付费; 基差=现货价-JM0_close*1.33
2026-01-08,1190.0,DATA_UNAVAILABLE,DATA_UNAVAILABLE,现货报价需汾渭/Mysteel付费; 基差=现货价-JM0_close*1.33
2026-01-09,1195.5,DATA_UNAVAILABLE,DATA_UNAVAILABLE,现货报价需汾渭/Mysteel付费; 基差=现货价-JM0_close*1.33
2026-01-12,1238.0,DATA_UNAVAILABLE,DATA_UNAVAILABLE,现货报价需汾渭/Mysteel付费; 基差=现货价-JM0_close*1.33
2026-01-13,1191.0,DATA_UNAVAILABLE,DATA_UNAVAILABLE,现货报价需汾渭/Mysteel付费; 基差=现货价-JM0_close*1.33
2026-01-14,1196.5,DATA_UNAVAILABLE,DATA_UNAVAILABLE,现货报价需汾渭/Mysteel付费; 基差=现货价-JM0_close*1.33
2026-01-15,1187.5,DATA_UNAVAILABLE,DATA_UNAVAILABLE,现货报价需汾渭/Mysteel付费; 基差=现货价-JM0_close*1.33
2026-01-16,1171.0,DATA_UNAVAILABLE,DATA_UNAVAILABLE,现货报价需汾渭/Mysteel付费; 基差=现货价-JM0_close*1.33
2026-01-19,1174.5,DATA_UNAVAILABLE,DATA_UNAVAILABLE,现货报价需汾渭/Mysteel付费; 基差=现货价-JM0_close*1.33
2026-01-20,1124.0,DATA_UNAVAILABLE,DATA_UNAVAILABLE,现货报价需汾渭/Mysteel付费; 基差=现货价-JM0_close*1.33
2026-01-21,1129.0,DATA_UNAVAILABLE,DATA_UNAVAILABLE,现货报价需汾渭/Mysteel付费; 基差=现货价-JM0_close*1.33
2026-01-22,1131.5,DATA_UNAVAILABLE,DATA_UNAVAILABLE,现货报价需汾渭/Mysteel付费; 基差=现货价-JM0_close*1.33
2026-01-23,1157.0,DATA_UNAVAILABLE,DATA_UNAVAILABLE,现货报价需汾渭/Mysteel付费; 基差=现货价-JM0_close*1.33
2026-01-26,1159.5,DATA_UNAVAILABLE,DATA_UNAVAILABLE,现货报价需汾渭/Mysteel付费; 基差=现货价-JM0_close*1.33
2026-01-27,1116.5,DATA_UNAVAILABLE,DATA_UNAVAILABLE,现货报价需汾渭/Mysteel付费; 基差=现货价-JM0_close*1.33
2026-01-28,1134.5,DATA_UNAVAILABLE,DATA_UNAVAILABLE,现货报价需汾渭/Mysteel付费; 基差=现货价-JM0_close*1.33
2026-01-29,1165.0,DATA_UNAVAILABLE,DATA_UNAVAILABLE,现货报价需汾渭/Mysteel付费; 基差=现货价-JM0_close*1.33
2026-01-30,1155.5,DATA_UNAVAILABLE,DATA_UNAVAILABLE,现货报价需汾渭/Mysteel付费; 基差=现货价-JM0_close*1.33
2026-02-02,1141.5,DATA_UNAVAILABLE,DATA_UNAVAILABLE,现货报价需汾渭/Mysteel付费; 基差=现货价-JM0_close*1.33
2026-02-03,1167.5,DATA_UNAVAILABLE,DATA_UNAVAILABLE,现货报价需汾渭/Mysteel付费; 基差=现货价-JM0_close*1.33
2026-02-04,1209.0,DATA_UNAVAILABLE,DATA_UNAVAILABLE,现货报价需汾渭/Mysteel付费; 基差=现货价-JM0_close*1.33
2026-02-05,1172.0,DATA_UNAVAILABLE,DATA_UNAVAILABLE,现货报价需汾渭/Mysteel付费; 基差=现货价-JM0_close*1.33
2026-02-06,1138.5,DATA_UNAVAILABLE,DATA_UNAVAILABLE,现货报价需汾渭/Mysteel付费; 基差=现货价-JM0_close*1.33
2026-02-09,1147.0,DATA_UNAVAILABLE,DATA_UNAVAILABLE,现货报价需汾渭/Mysteel付费; 基差=现货价-JM0_close*1.33
2026-02-10,1119.0,DATA_UNAVAILABLE,DATA_UNAVAILABLE,现货报价需汾渭/Mysteel付费; 基差=现货价-JM0_close*1.33
2026-02-11,1123.5,DATA_UNAVAILABLE,DATA_UNAVAILABLE,现货报价需汾渭/Mysteel付费; 基差=现货价-JM0_close*1.33
2026-02-12,1120.0,DATA_UNAVAILABLE,DATA_UNAVAILABLE,现货报价需汾渭/Mysteel付费; 基差=现货价-JM0_close*1.33
2026-02-13,1121.0,DATA_UNAVAILABLE,DATA_UNAVAILABLE,现货报价需汾渭/Mysteel付费; 基差=现货价-JM0_close*1.33
2026-02-24,1101.5,DATA_UNAVAILABLE,DATA_UNAVAILABLE,现货报价需汾渭/Mysteel付费; 基差=现货价-JM0_close*1.33
2026-02-25,1126.0,DATA_UNAVAILABLE,DATA_UNAVAILABLE,现货报价需汾渭/Mysteel付费; 基差=现货价-JM0_close*1.33
2026-02-26,1090.0,DATA_UNAVAILABLE,DATA_UNAVAILABLE,现货报价需汾渭/Mysteel付费; 基差=现货价-JM0_close*1.33
2026-02-27,1093.5,DATA_UNAVAILABLE,DATA_UNAVAILABLE,现货报价需汾渭/Mysteel付费; 基差=现货价-JM0_close*1.33
2026-03-02,1094.0,DATA_UNAVAILABLE,DATA_UNAVAILABLE,现货报价需汾渭/Mysteel付费; 基差=现货价-JM0_close*1.33
2026-03-03,1127.0,DATA_UNAVAILABLE,DATA_UNAVAILABLE,现货报价需汾渭/Mysteel付费; 基差=现货价-JM0_close*1.33
2026-03-04,1097.0,DATA_UNAVAILABLE,DATA_UNAVAILABLE,现货报价需汾渭/Mysteel付费; 基差=现货价-JM0_close*1.33
2026-03-05,1105.5,DATA_UNAVAILABLE,DATA_UNAVAILABLE,现货报价需汾渭/Mysteel付费; 基差=现货价-JM0_close*1.33
2026-03-06,1123.0,DATA_UNAVAILABLE,DATA_UNAVAILABLE,现货报价需汾渭/Mysteel付费; 基差=现货价-JM0_close*1.33
2026-03-09,1168.0,DATA_UNAVAILABLE,DATA_UNAVAILABLE,现货报价需汾渭/Mysteel付费; 基差=现货价-JM0_close*1.33
2026-03-10,1121.5,DATA_UNAVAILABLE,DATA_UNAVAILABLE,现货报价需汾渭/Mysteel付费; 基差=现货价-JM0_close*1.33
2026-03-11,1144.5,DATA_UNAVAILABLE,DATA_UNAVAILABLE,现货报价需汾渭/Mysteel付费; 基差=现货价-JM0_close*1.33
2026-03-12,1153.0,DATA_UNAVAILABLE,DATA_UNAVAILABLE,现货报价需汾渭/Mysteel付费; 基差=现货价-JM0_close*1.33
2026-03-13,1178.0,DATA_UNAVAILABLE,DATA_UNAVAILABLE,现货报价需汾渭/Mysteel付费; 基差=现货价-JM0_close*1.33
2026-03-16,1181.0,DATA_UNAVAILABLE,DATA_UNAVAILABLE,现货报价需汾渭/Mysteel付费; 基差=现货价-JM0_close*1.33
2026-03-17,1176.0,DATA_UNAVAILABLE,DATA_UNAVAILABLE,现货报价需汾渭/Mysteel付费; 基差=现货价-JM0_close*1.33
2026-03-18,1156.5,DATA_UNAVAILABLE,DATA_UNAVAILABLE,现货报价需汾渭/Mysteel付费; 基差=现货价-JM0_close*1.33
2026-03-19,1159.5,DATA_UNAVAILABLE,DATA_UNAVAILABLE,现货报价需汾渭/Mysteel付费; 基差=现货价-JM0_close*1.33
2026-03-20,1171.0,DATA_UNAVAILABLE,DATA_UNAVAILABLE,现货报价需汾渭/Mysteel付费; 基差=现货价-JM0_close*1.33
2026-03-23,1289.5,DATA_UNAVAILABLE,DATA_UNAVAILABLE,现货报价需汾渭/Mysteel付费; 基差=现货价-JM0_close*1.33
2026-03-24,1249.5,DATA_UNAVAILABLE,DATA_UNAVAILABLE,现货报价需汾渭/Mysteel付费; 基差=现货价-JM0_close*1.33
2026-03-25,1241.0,DATA_UNAVAILABLE,DATA_UNAVAILABLE,现货报价需汾渭/Mysteel付费; 基差=现货价-JM0_close*1.33
2026-03-26,1230.0,DATA_UNAVAILABLE,DATA_UNAVAILABLE,现货报价需汾渭/Mysteel付费; 基差=现货价-JM0_close*1.33
2026-03-27,1219.0,DATA_UNAVAILABLE,DATA_UNAVAILABLE,现货报价需汾渭/Mysteel付费; 基差=现货价-JM0_close*1.33
2026-03-30,1214.0,DATA_UNAVAILABLE,DATA_UNAVAILABLE,现货报价需汾渭/Mysteel付费; 基差=现货价-JM0_close*1.33
2026-03-31,1148.5,DATA_UNAVAILABLE,DATA_UNAVAILABLE,现货报价需汾渭/Mysteel付费; 基差=现货价-JM0_close*1.33
2026-04-01,1114.5,DATA_UNAVAILABLE,DATA_UNAVAILABLE,现货报价需汾渭/Mysteel付费; 基差=现货价-JM0_close*1.33
2026-04-02,1131.5,DATA_UNAVAILABLE,DATA_UNAVAILABLE,现货报价需汾渭/Mysteel付费; 基差=现货价-JM0_close*1.33
2026-04-03,1112.5,DATA_UNAVAILABLE,DATA_UNAVAILABLE,现货报价需汾渭/Mysteel付费; 基差=现货价-JM0_close*1.33
2026-04-07,1108.5,DATA_UNAVAILABLE,DATA_UNAVAILABLE,现货报价需汾渭/Mysteel付费; 基差=现货价-JM0_close*1.33
2026-04-08,1120.5,DATA_UNAVAILABLE,DATA_UNAVAILABLE,现货报价需汾渭/Mysteel付费; 基差=现货价-JM0_close*1.33
2026-04-09,1077.0,DATA_UNAVAILABLE,DATA_UNAVAILABLE,现货报价需汾渭/Mysteel付费; 基差=现货价-JM0_close*1.33
2026-04-10,1056.0,DATA_UNAVAILABLE,DATA_UNAVAILABLE,现货报价需汾渭/Mysteel付费; 基差=现货价-JM0_close*1.33
2026-04-13,1066.0,DATA_UNAVAILABLE,DATA_UNAVAILABLE,现货报价需汾渭/Mysteel付费; 基差=现货价-JM0_close*1.33
2026-04-14,1065.0,DATA_UNAVAILABLE,DATA_UNAVAILABLE,现货报价需汾渭/Mysteel付费; 基差=现货价-JM0_close*1.33
2026-04-15,1083.0,DATA_UNAVAILABLE,DATA_UNAVAILABLE,现货报价需汾渭/Mysteel付费; 基差=现货价-JM0_close*1.33
2026-04-16,1248.0,DATA_UNAVAILABLE,DATA_UNAVAILABLE,现货报价需汾渭/Mysteel付费; 基差=现货价-JM0_close*1.33
2026-04-17,1226.0,DATA_UNAVAILABLE,DATA_UNAVAILABLE,现货报价需汾渭/Mysteel付费; 基差=现货价-JM0_close*1.33
